model,channel,t_GeV2,dsigma_dt_nb_per_GeV2,band_low_nb_per_GeV2,band_high_nb_per_GeV2
smooth_Bp4,coherent,0.05,243.444156,243.444156,243.444156
smooth_Bp4,coherent,0.1,194.443987,194.443987,194.443987
smooth_Bp4,coherent,0.15,155.025333,155.025333,155.025333
smooth_Bp4,coherent,0.2,123.763813,123.763813,123.763813
smooth_Bp4,coherent,0.25,98.8112144,98.8112144,98.8112144
smooth_Bp4,coherent,0.3,78.7137297,78.7137297,78.7137297
smooth_Bp4,coherent,0.35,62.6860924,62.6860924,62.6860924
smooth_Bp4,coherent,0.4,49.8954823,49.8954823,49.8954823
smooth_Bp4,coherent,0.45,39.7114939,39.7114939,39.7114939
smooth_Bp4,coherent,0.5,31.5374567,31.5374567,31.5374567
smooth_Bp4,coherent,0.55,25.0692061,25.0692061,25.0692061
smooth_Bp4,coherent,0.65,15.8536112,15.8536112,15.8536112
smooth_Bp4,coherent,0.75,9.94341894,9.94341894,9.94341894
smooth_Bp4,coherent,0.85,6.2270808,6.2270808,6.2270808
smooth_Bp4,coherent,0.95,3.8849456,3.8849456,3.8849456
smooth_Bp4,coherent,1.05,2.42226295,2.42226295,2.42226295
smooth_Bp4,coherent,1.15,1.51446146,1.51446146,1.51446146
smooth_Bp4,coherent,1.25,0.914135288,0.914135288,0.914135288
smooth_Bp4,coherent,1.35,0.565371427,0.565371427,0.565371427
smooth_Bp4,coherent,1.45,0.342872707,0.342872707,0.342872707
smooth_Bp4,coherent,1.55,0.205219632,0.205219632,0.205219632
smooth_Bp4,coherent,1.65,0.122430401,0.122430401,0.122430401
smooth_Bp4,coherent,1.75,0.0724456444,0.0724456444,0.0724456444
smooth_Bp4,coherent,1.85,0.0426979422,0.0426979422,0.0426979422
smooth_Bp4,coherent,1.95,0.0247357122,0.0247357122,0.0247357122
smooth_Bp4,coherent,2.05,0.0132271899,0.0132271899,0.0132271899
smooth_Bp4,coherent,2.15,0.00708989024,0.00708989024,0.00708989024
smooth_Bp4,coherent,2.25,0.00407411319,0.00407411319,0.00407411319
smooth_Bp4,coherent,2.30720004,0.00290611065,0.00290611065,0.00290611065
Bqc3.5_Bq0.5,coherent,0.05,175.295412,174.543866,176.046927
Bqc3.5_Bq0.5,coherent,0.1,140.543136,139.378519,141.707872
Bqc3.5_Bq0.5,coherent,0.15,112.652166,111.227909,114.076604
Bqc3.5_Bq0.5,coherent,0.2,90.3242941,88.7730095,91.8755233
Bqc3.5_Bq0.5,coherent,0.25,72.3175187,70.7356485,73.899394
Bqc3.5_Bq0.5,coherent,0.3,57.9504434,56.3989626,59.5018796
Bqc3.5_Bq0.5,coherent,0.35,46.3886805,44.9089203,47.8683904
Bqc3.5_Bq0.5,coherent,0.4,37.1221046,35.7371129,38.5070797
Bqc3.5_Bq0.5,coherent,0.45,29.7279851,28.4488998,31.0071118
Bqc3.5_Bq0.5,coherent,0.5,23.7671204,22.5998305,24.9344238
Bqc3.5_Bq0.5,coherent,0.55,19.0289734,17.9706847,20.0872466
Bqc3.5_Bq0.5,coherent,0.65,12.1722322,11.3179577,13.0265112
Bqc3.5_Bq0.5,coherent,0.75,7.79043897,7.1111245,8.46975896
Bqc3.5_Bq0.5,coherent,0.85,4.98264653,4.44884153,5.51645159
Bqc3.5_Bq0.5,coherent,0.95,3.18755109,2.77004482,3.60505781
Bqc3.5_Bq0.5,coherent,1.05,2.04636574,1.72147012,2.37126135
Bqc3.5_Bq0.5,coherent,1.15,1.30870125,1.05709237,1.56031057
Bqc3.5_Bq0.5,coherent,1.25,0.84393772,0.648885995,1.03898946
Bqc3.5_Bq0.5,coherent,1.35,0.547793143,0.396561916,0.699024429
Bqc3.5_Bq0.5,coherent,1.45,0.357679197,0.240151576,0.475206668
Bqc3.5_Bq0.5,coherent,1.55,0.23434468,0.14299825,0.325691207
Bqc3.5_Bq0.5,coherent,1.65,0.152906582,0.0819967866,0.223816373
Bqc3.5_Bq0.5,coherent,1.75,0.104303685,0.0481787926,0.160428584
Bqc3.5_Bq0.5,coherent,1.85,0.0717462538,0.027036928,0.116455598
Bqc3.5_Bq0.5,coherent,1.95,0.0493954602,0.0137949684,0.0849959496
Bqc3.5_Bq0.5,coherent,2.05,0.0348822302,0.0061792025,0.063585255
Bqc3.5_Bq0.5,coherent,2.15,0.0250191367,0.00171519689,0.0483230737
Bqc3.5_Bq0.5,coherent,2.25,0.0177261502,1e-300,0.0365179106
Bqc3.5_Bq0.5,coherent,2.35,0.0130076822,1e-300,0.0284164836
Bqc3.5_Bq0.5,coherent,2.45,0.00992313051,1e-300,0.0228192621
Bqc3.5_Bq0.5,coherent,2.55,0.0072729658,1e-300,0.0178846897
Bqc3.5_Bq1,coherent,0.05,206.21989,205.396886,207.042908
Bqc3.5_Bq1,coherent,0.1,160.920238,159.604862,162.23567
Bqc3.5_Bq1,coherent,0.15,125.575905,123.992941,127.158738
Bqc3.5_Bq1,coherent,0.2,97.9644389,96.2819378,99.6470145
Bqc3.5_Bq1,coherent,0.25,76.35305,74.6793532,78.0268058
Bqc3.5_Bq1,coherent,0.3,59.5379532,57.940197,61.1356858
Bqc3.5_Bq1,coherent,0.35,46.3989509,44.9147704,47.8830925
Bqc3.5_Bq1,coherent,0.4,36.1206689,34.7681704,37.4731375
Bqc3.5_Bq1,coherent,0.45,28.1393626,26.9234961,29.3552457
Bqc3.5_Bq1,coherent,0.5,21.8698573,20.790353,22.9493987
Bqc3.5_Bq1,coherent,0.55,17.0390646,16.0857975,17.9923233
Bqc3.5_Bq1,coherent,0.65,10.3096582,9.58174366,11.037574
Bqc3.5_Bq1,coherent,0.75,6.23650213,5.68845042,6.78455436
Bqc3.5_Bq1,coherent,0.85,3.75167676,3.34466607,4.15868871
Bqc3.5_Bq1,coherent,0.95,2.26880825,1.96764513,2.5699709
Bqc3.5_Bq1,coherent,1.05,1.37074105,1.14950813,1.59197414
Bqc3.5_Bq1,coherent,1.15,0.829693689,0.667431371,0.991955379
Bqc3.5_Bq1,coherent,1.25,0.502179751,0.383639436,0.620720239
Bqc3.5_Bq1,coherent,1.35,0.304305152,0.217708636,0.390901686
Bqc3.5_Bq1,coherent,1.45,0.186571145,0.123135818,0.250006434
Bqc3.5_Bq1,coherent,1.55,0.11703307,0.0700492274,0.164016944
Bqc3.5_Bq1,coherent,1.65,0.0712502858,0.0369819725,0.105518568
Bqc3.5_Bq1,coherent,1.75,0.0459075321,0.0202180255,0.0715970489
Bqc3.5_Bq1,coherent,1.85,0.0292883226,0.0100778938,0.0484987421
Bqc3.5_Bq1,coherent,1.95,0.0194254696,0.00479656354,0.0340543748
Bqc3.5_Bq1,coherent,2.05,0.0130278885,0.00182721653,0.0242285573
Bqc3.5_Bq1,coherent,2.15,0.00869616491,0.000158941728,0.0172333893
Bqc3.5_Bq1,coherent,2.25,0.00623819927,1e-300,0.012993858
Bqc3.5_Bq1,coherent,2.35,0.00389170094,1e-300,0.00885993256
Bqc3.5_Bq1,coherent,2.43956765,0.00290611065,0.00290611065,0.00290611065
Bqc1_Bq3,coherent,0.05,239.462531,239.205616,239.719641
Bqc1_Bq3,coherent,0.1,191.573388,191.141572,192.005142
Bqc1_Bq3,coherent,0.15,153.327357,152.791733,153.863145
Bqc1_Bq3,coherent,0.2,122.623769,122.041483,123.20613
Bqc1_Bq3,coherent,0.25,97.95991,97.3709834,98.5488068
Bqc1_Bq3,coherent,0.3,78.338896,77.7679823,78.9097136
Bqc1_Bq3,coherent,0.35,62.5539559,62.0170127,63.0909277
Bqc1_Bq3,coherent,0.4,49.9233902,49.4304174,50.4163793
Bqc1_Bq3,coherent,0.45,39.8421673,39.3965659,40.287778
Bqc1_Bq3,coherent,0.5,31.7916311,31.3936528,32.1896249
Bqc1_Bq3,coherent,0.55,25.3179242,24.9672108,25.6686435
Bqc1_Bq3,coherent,0.65,16.0626136,15.7968378,16.3283807
Bqc1_Bq3,coherent,0.75,10.1639463,9.96698564,10.3609069
Bqc1_Bq3,coherent,0.85,6.41812126,6.27511577,6.56112575
Bqc1_Bq3,coherent,0.95,4.04245518,3.94075781,4.14415262
Bqc1_Bq3,coherent,1.05,2.52910017,2.45740847,2.60079371
Bqc1_Bq3,coherent,1.15,1.58195697,1.53192598,1.63198708
Bqc1_Bq3,coherent,1.25,0.981915328,0.947482989,1.01634702
Bqc1_Bq3,coherent,1.35,0.610400008,0.586789125,0.634010699
Bqc1_Bq3,coherent,1.45,0.373953893,0.358074715,0.389833069
Bqc1_Bq3,coherent,1.55,0.230165361,0.219448236,0.240882382
Bqc1_Bq3,coherent,1.65,0.139978099,0.132892246,0.147063895
Bqc1_Bq3,coherent,1.75,0.084239472,0.0795407593,0.0889381856
Bqc1_Bq3,coherent,1.85,0.0503158043,0.0472303575,0.0534012492
Bqc1_Bq3,coherent,1.95,0.0294580197,0.0274598805,0.0314561617
Bqc1_Bq3,coherent,2.05,0.0171297646,0.0158310376,0.0184284906
Bqc1_Bq3,coherent,2.15,0.00966344387,0.00884376229,0.0104831253
Bqc1_Bq3,coherent,2.25,0.00562115225,0.00509425476,0.00614804936
Bqc1_Bq3,coherent,2.35,0.0030030084,0.00267355297,0.00333246384
Bqc1_Bq3,coherent,2.35546875,0.00290611065,0.00290611065,0.00290611065
Bqc3.5_Bq0.5,incoherent,0.05,11.3618697,11.3461528,11.3775891
Bqc3.5_Bq0.5,incoherent,0.1,19.5599918,19.5328356,19.5871064
Bqc3.5_Bq0.5,incoherent,0.15,25.5675741,25.5324219,25.6027747
Bqc3.5_Bq0.5,incoherent,0.2,29.8818209,29.8412305,29.9224462
Bqc3.5_Bq0.5,incoherent,0.25,32.8412347,32.7972663,32.8852176
Bqc3.5_Bq0.5,incoherent,0.3,34.8190695,34.7732746,34.864913
Bqc3.5_Bq0.5,incoherent,0.35,36.018011,35.9713311,36.0647149
Bqc3.5_Bq0.5,incoherent,0.4,36.63719,36.5902386,36.6840902
Bqc3.5_Bq0.5,incoherent,0.45,36.7641359,36.7175298,36.810739
Bqc3.5_Bq0.5,incoherent,0.5,36.5648235,36.5188274,36.6108527
Bqc3.5_Bq0.5,incoherent,0.55,36.1129418,36.0677333,36.1581826
Bqc3.5_Bq0.5,incoherent,0.65,34.7207435,34.6775235,34.7639468
Bqc3.5_Bq0.5,incoherent,0.75,32.9565403,32.9157941,32.9972589
Bqc3.5_Bq0.5,incoherent,0.85,30.9582956,30.9203434,30.9962211
Bqc3.5_Bq0.5,incoherent,0.95,28.9966113,28.961367,29.0318691
Bqc3.5_Bq0.5,incoherent,1.05,26.9860957,26.9534497,27.0186809
Bqc3.5_Bq0.5,incoherent,1.15,25.0699082,25.0396902,25.1001035
Bqc3.5_Bq0.5,incoherent,1.25,23.2153557,23.1873339,23.2433878
Bqc3.5_Bq0.5,incoherent,1.35,21.4298357,21.4037813,21.4559074
Bqc3.5_Bq0.5,incoherent,1.45,19.7849401,19.7606522,19.8092513
Bqc3.5_Bq0.5,incoherent,1.55,18.2031922,18.1805945,18.2257873
Bqc3.5_Bq0.5,incoherent,1.65,16.7668104,16.7458093,16.7877982
Bqc3.5_Bq0.5,incoherent,1.75,15.3597593,15.3403705,15.3791519
Bqc3.5_Bq0.5,incoherent,1.85,14.0985533,14.0806568,14.1164441
Bqc3.5_Bq0.5,incoherent,1.95,12.9172543,12.9008094,12.9336984
Bqc3.5_Bq0.5,incoherent,2.05,11.8051306,11.7900935,11.8201708
Bqc3.5_Bq0.5,incoherent,2.15,10.7669083,10.7531974,10.7806113
Bqc3.5_Bq0.5,incoherent,2.25,9.84426504,9.83177878,9.85675717
Bqc3.5_Bq0.5,incoherent,2.35,8.97793998,8.96657979,8.98929637
Bqc3.5_Bq0.5,incoherent,2.45,8.20761454,8.1973093,8.21792166
Bqc3.5_Bq0.5,incoherent,2.55,7.57478005,7.56532298,7.5842387
Bqc3.5_Bq1,incoherent,0.05,13.2220394,13.2037672,13.2403146
Bqc3.5_Bq1,incoherent,0.1,22.2691697,22.2383723,22.2999948
Bqc3.5_Bq1,incoherent,0.15,28.4185022,28.3794303,28.4575415
Bqc3.5_Bq1,incoherent,0.2,32.3540373,32.3102196,32.3978816
Bqc3.5_Bq1,incoherent,0.25,34.6698126,34.6235597,34.7160453
Bqc3.5_Bq1,incoherent,0.3,35.7844066,35.7374144,35.8313518
Bqc3.5_Bq1,incoherent,0.35,36.0682445,36.0215967,36.1148917
Bqc3.5_Bq1,incoherent,0.4,35.7099645,35.6643217,35.7555813
Bqc3.5_Bq1,incoherent,0.45,34.8969886,34.8528084,34.9411306
Bqc3.5_Bq1,incoherent,0.5,33.8080161,33.7654537,33.8505521
Bqc3.5_Bq1,incoherent,0.55,32.5353044,32.4945855,32.5760082
Bqc3.5_Bq1,incoherent,0.65,29.6434456,29.6065358,29.6803212
Bqc3.5_Bq1,incoherent,0.75,26.6916457,26.6586273,26.7246691
Bqc3.5_Bq1,incoherent,0.85,23.7825085,23.7533292,23.8117237
Bqc3.5_Bq1,incoherent,0.95,21.1164644,21.0907554,21.1421833
Bqc3.5_Bq1,incoherent,1.05,18.6288963,18.6063603,18.6514093
Bqc3.5_Bq1,incoherent,1.15,16.4039506,16.3841227,16.4237691
Bqc3.5_Bq1,incoherent,1.25,14.403042,14.3856036,14.4204821
Bqc3.5_Bq1,incoherent,1.35,12.6372954,12.6218841,12.6527084
Bqc3.5_Bq1,incoherent,1.45,11.0375033,11.023909,11.0511068
Bqc3.5_Bq1,incoherent,1.55,9.62721974,9.61522617,9.63921201
Bqc3.5_Bq1,incoherent,1.65,8.40219909,8.39165236,8.41274489
Bqc3.5_Bq1,incoherent,1.75,7.29912952,7.28990097,7.30835741
Bqc3.5_Bq1,incoherent,1.85,6.35858687,6.35049606,6.36667725
Bqc3.5_Bq1,incoherent,1.95,5.52129382,5.51425909,5.52832819
Bqc3.5_Bq1,incoherent,2.05,4.78286399,4.77675399,4.78897373
Bqc3.5_Bq1,incoherent,2.15,4.13954299,4.13427295,4.14481136
Bqc3.5_Bq1,incoherent,2.25,3.59200955,3.5874402,3.59657743
Bqc3.5_Bq1,incoherent,2.35,3.09629052,3.09237473,3.10020395
Bqc3.5_Bq1,incoherent,2.45,2.68220762,2.67883178,2.68558228
Bqc3.5_Bq1,incoherent,2.55,2.34487767,2.3419501,2.34780493
Bqc1_Bq3,incoherent,0.05,4.04011495,4.03411103,4.04611825
Bqc1_Bq3,incoherent,0.1,6.60317305,6.5933936,6.61295585
Bqc1_Bq3,incoherent,0.15,8.10747579,8.09550941,8.11945164
Bqc1_Bq3,incoherent,0.2,8.84058417,8.82755958,8.85360109
Bqc1_Bq3,incoherent,0.25,9.06618026,9.05289051,9.07947114
Bqc1_Bq3,incoherent,0.3,8.89750372,8.88448821,8.91052025
Bqc1_Bq3,incoherent,0.35,8.5023564,8.48995617,8.51475175
Bqc1_Bq3,incoherent,0.4,7.9499423,7.93839059,7.96149469
Bqc1_Bq3,incoherent,0.45,7.32812661,7.31751548,7.33874074
Bqc1_Bq3,incoherent,0.5,6.67155025,6.66191007,6.68118859
Bqc1_Bq3,incoherent,0.55,6.01678638,6.00813489,6.02544015
Bqc1_Bq3,incoherent,0.65,4.75567269,4.74889865,4.76244996
Bqc1_Bq3,incoherent,0.75,3.67681086,3.67160454,3.68201587
Bqc1_Bq3,incoherent,0.85,2.7890577,2.78513945,2.79297393
Bqc1_Bq3,incoherent,0.95,2.08416688,2.08126489,2.0870701
Bqc1_Bq3,incoherent,1.05,1.54164663,1.53951407,1.5437785
Bqc1_Bq3,incoherent,1.15,1.12889,1.12733602,1.13044346
Bqc1_Bq3,incoherent,1.25,0.819218834,0.818101345,0.820336742
Bqc1_Bq3,incoherent,1.35,0.590981803,0.590181028,0.591782467
Bqc1_Bq3,incoherent,1.45,0.420930033,0.420366627,0.421493767
Bqc1_Bq3,incoherent,1.55,0.30022219,0.299819337,0.300625077
Bqc1_Bq3,incoherent,1.65,0.211438907,0.211162463,0.211715355
Bqc1_Bq3,incoherent,1.75,0.149877029,0.149680058,0.150074056
Bqc1_Bq3,incoherent,1.85,0.104140247,0.104002823,0.104277677
Bqc1_Bq3,incoherent,1.95,0.0735367054,0.0734383276,0.0736350907
Bqc1_Bq3,incoherent,2.05,0.0514350344,0.0513663769,0.051503728
Bqc1_Bq3,incoherent,2.15,0.0360015768,0.0359532924,0.0360498531
Bqc1_Bq3,incoherent,2.25,0.0251903661,0.0251568132,0.0252239178
Bqc1_Bq3,incoherent,2.35,0.0182864911,0.0182616773,0.018311304
Bqc1_Bq3,incoherent,2.45,0.013046657,0.0130289164,0.0130643957
Bqc1_Bq3,incoherent,2.55,0.00959609668,0.00958274738,0.0096094474
