t_GeV2,incoherent_nb_per_GeV2
0.000000000000000000e+00,0.000000000000000000e+00
3.000000000000000062e-03,8.969567314763118304e-01
6.000000000000000125e-03,1.776419638630611919e+00
9.000000000000001055e-03,2.638689390128714507e+00
1.200000000000000025e-02,3.484061580849689754e+00
1.499999999999999944e-02,4.312826817268000212e+00
1.800000000000000211e-02,5.125270801399343767e+00
2.100000000000000130e-02,5.921674413334121923e+00
2.400000000000000050e-02,6.702313792382633473e+00
2.699999999999999969e-02,7.467460416855166372e+00
2.999999999999999889e-02,8.217381182499771342e+00
3.300000000000000155e-02,8.952338479620626899e+00
3.600000000000000422e-02,9.672590268899330823e+00
3.899999999999999994e-02,1.037839015594004444e+01
4.200000000000000261e-02,1.106998746456113736e+01
4.499999999999999833e-02,1.174762730885383455e+01
4.800000000000000100e-02,1.241155066402813745e+01
5.100000000000000366e-02,1.306199443606764454e+01
5.399999999999999939e-02,1.369919153021198710e+01
5.700000000000000205e-02,1.432337091828768827e+01
5.999999999999999778e-02,1.493475770490589660e+01
6.300000000000000044e-02,1.553357319254711477e+01
6.600000000000000311e-02,1.612003494555015237e+01
6.900000000000000577e-02,1.669435685302547867e+01
7.200000000000000844e-02,1.725674919071014912e+01
7.499999999999999722e-02,1.780741868178109044e+01
7.799999999999999989e-02,1.834656855664703556e+01
8.100000000000000255e-02,1.887439861173330513e+01
8.400000000000000522e-02,1.939110526727816008e+01
8.700000000000000788e-02,1.989688162415722417e+01
8.999999999999999667e-02,2.039191751975101496e+01
9.299999999999999933e-02,2.087639958287387643e+01
9.600000000000000200e-02,2.135051128777802631e+01
9.900000000000000466e-02,2.181443300724922096e+01
1.020000000000000073e-01,2.226834206480978651e+01
1.049999999999999961e-01,2.271241278604257374e+01
1.079999999999999988e-01,2.314681654905252017e+01
1.110000000000000014e-01,2.357172183407862676e+01
1.140000000000000041e-01,2.398729427227138800e+01
1.170000000000000068e-01,2.439369669365039428e+01
1.199999999999999956e-01,2.479108917425408620e+01
1.229999999999999982e-01,2.517962908249726439e+01
1.260000000000000009e-01,2.555947112474836302e+01
1.290000000000000036e-01,2.593076739014003707e+01
1.320000000000000062e-01,2.629366739462590274e+01
1.350000000000000089e-01,2.664831812429637736e+01
1.380000000000000115e-01,2.699486407796544185e+01
1.410000000000000142e-01,2.733344730904190456e+01
1.440000000000000169e-01,2.766420746669459874e+01
1.469999999999999918e-01,2.798728183632728062e+01
1.499999999999999944e-01,2.830280537937066399e+01
1.529999999999999971e-01,2.861091077240648062e+01
1.559999999999999998e-01,2.891172844563261179e+01
1.590000000000000024e-01,2.920538662068142699e+01
1.620000000000000051e-01,2.949201134780200562e+01
1.650000000000000078e-01,2.977172654241686800e+01
1.680000000000000104e-01,3.004465402106298555e+01
1.710000000000000131e-01,3.031091353672993094e+01
1.740000000000000158e-01,3.057062281360180478e+01
1.769999999999999907e-01,3.082389758121550116e+01
1.799999999999999933e-01,3.107085160804457757e+01
1.829999999999999960e-01,3.131159673451738357e+01
1.859999999999999987e-01,3.154624290548106913e+01
1.890000000000000013e-01,3.177489820211768645e+01
1.920000000000000040e-01,3.199766887332531340e+01
1.950000000000000067e-01,3.221465936656962725e+01
1.980000000000000093e-01,3.242597235821769175e+01
2.000000000000000111e-01,3.256374343368857893e+01
2.010000000000000120e-01,3.263170878336102021e+01
2.040000000000000147e-01,3.283196786513644838e+01
2.070000000000000173e-01,3.302684714355481077e+01
2.099999999999999922e-01,3.321644250384362351e+01
2.129999999999999949e-01,3.340084820431389545e+01
2.159999999999999976e-01,3.358015690375765416e+01
2.190000000000000002e-01,3.375445968838419475e+01
2.220000000000000029e-01,3.392384609830430264e+01
2.250000000000000056e-01,3.408840415356799980e+01
2.280000000000000082e-01,3.424822037976460365e+01
2.310000000000000109e-01,3.440337983319226822e+01
2.340000000000000135e-01,3.455396612560392100e+01
2.370000000000000162e-01,3.470006144853707752e+01
2.399999999999999911e-01,3.484174659723409206e+01
2.429999999999999938e-01,3.497910099416047558e+01
2.459999999999999964e-01,3.511220271212690847e+01
2.489999999999999991e-01,3.524112849702341776e+01
2.520000000000000018e-01,3.536595379016980445e+01
2.550000000000000044e-01,3.548675275029092546e+01
2.580000000000000071e-01,3.560359827512166930e+01
2.610000000000000098e-01,3.571656202264968272e+01
2.640000000000000124e-01,3.582571443199926620e+01
2.670000000000000151e-01,3.593112474396479428e+01
2.700000000000000178e-01,3.603286102119857048e+01
2.730000000000000204e-01,3.613099016805914232e+01
2.760000000000000231e-01,3.622557795012573223e+01
2.790000000000000258e-01,3.631668901338374411e+01
2.820000000000000284e-01,3.640438690308871372e+01
2.850000000000000311e-01,3.648873408231189330e+01
2.880000000000000338e-01,3.656979195017424189e+01
2.909999999999999809e-01,3.664762085977393014e+01
2.939999999999999836e-01,3.672228013581182893e+01
2.969999999999999862e-01,3.679382809192038195e+01
2.999999999999999889e-01,3.686232204770160337e+01
3.029999999999999916e-01,3.692781834547792386e+01
3.059999999999999942e-01,3.699037236676143436e+01
3.089999999999999969e-01,3.705003854844603950e+01
3.119999999999999996e-01,3.710687039872720305e+01
3.150000000000000022e-01,3.716092051275390418e+01
3.180000000000000049e-01,3.721224058801666246e+01
3.210000000000000075e-01,3.726088143947855258e+01
3.240000000000000102e-01,3.730689301444930095e+01
3.270000000000000129e-01,3.735032440721064262e+01
3.300000000000000155e-01,3.739122387339508435e+01
3.330000000000000182e-01,3.742963884412354503e+01
3.360000000000000209e-01,3.746561593990342942e+01
3.390000000000000235e-01,3.749920098429521431e+01
3.420000000000000262e-01,3.753043901734685761e+01
3.450000000000000289e-01,3.755937430880420891e+01
3.480000000000000315e-01,3.758605037109728642e+01
3.510000000000000342e-01,3.761050997210993074e+01
3.539999999999999813e-01,3.763279514773259393e+01
3.569999999999999840e-01,3.765294721420622892e+01
3.599999999999999867e-01,3.767100678025659732e+01
3.629999999999999893e-01,3.768701375902535489e+01
3.659999999999999920e-01,3.770100737980015282e+01
3.689999999999999947e-01,3.771302619954761326e+01
3.719999999999999973e-01,3.772310811425224131e+01
3.750000000000000000e-01,3.773129037006390263e+01
3.780000000000000027e-01,3.773760957425901097e+01
3.810000000000000053e-01,3.774210170601598691e+01
3.840000000000000080e-01,3.774480212701078585e+01
3.870000000000000107e-01,3.774574559183219691e+01
3.900000000000000133e-01,3.774496625822461482e+01
3.930000000000000160e-01,3.774249769715603264e+01
3.960000000000000187e-01,3.773837290271770684e+01
3.990000000000000213e-01,3.773262430185744876e+01
4.000000000000000222e-01,3.773035277986627278e+01
4.020000000000000240e-01,3.772528376394883765e+01
4.050000000000000266e-01,3.771638261019923988e+01
4.080000000000000293e-01,3.770595162289991720e+01
4.110000000000000320e-01,3.769402105452046925e+01
4.140000000000000346e-01,3.768062063664988415e+01
4.169999999999999818e-01,3.766577958878762900e+01
4.199999999999999845e-01,3.764952662698654962e+01
4.229999999999999871e-01,3.763188997235027244e+01
4.259999999999999898e-01,3.761289735938828471e+01
4.289999999999999925e-01,3.759257604422904819e+01
4.319999999999999951e-01,3.757095281269677400e+01
4.349999999999999978e-01,3.754805398825052976e+01
4.380000000000000004e-01,3.752390543979090864e+01
4.410000000000000031e-01,3.749853258933514155e+01
4.440000000000000058e-01,3.747196041956260615e+01
4.470000000000000084e-01,3.744421348123385940e+01
4.500000000000000111e-01,3.741531590048455058e+01
4.530000000000000138e-01,3.738529138599690071e+01
4.560000000000000164e-01,3.735416323604988520e+01
4.590000000000000191e-01,3.732195434545190693e+01
4.620000000000000218e-01,3.728868721235539851e+01
4.650000000000000244e-01,3.725438394495784422e+01
4.680000000000000271e-01,3.721906626808986118e+01
4.710000000000000298e-01,3.718275552969190301e+01
4.740000000000000324e-01,3.714547270718227878e+01
4.770000000000000351e-01,3.710723841371822118e+01
4.799999999999999822e-01,3.706807290435162372e+01
4.829999999999999849e-01,3.702799608208035664e+01
4.859999999999999876e-01,3.698702750379903392e+01
4.889999999999999902e-01,3.694518638614855632e+01
4.919999999999999929e-01,3.690249161126781985e+01
4.949999999999999956e-01,3.685896173244826457e+01
4.979999999999999982e-01,3.681461497969388574e+01
5.010000000000000009e-01,3.676946926518681380e+01
5.040000000000000036e-01,3.672354218866122011e+01
5.070000000000000062e-01,3.667685104268733198e+01
5.100000000000000089e-01,3.662941281786608272e+01
5.130000000000000115e-01,3.658124420793593856e+01
5.160000000000000142e-01,3.653236161479440369e+01
5.190000000000000169e-01,3.648278115343492800e+01
5.220000000000000195e-01,3.643251865680029056e+01
5.250000000000000222e-01,3.638158968055503095e+01
5.280000000000000249e-01,3.633000950777655191e+01
5.310000000000000275e-01,3.627779315356832512e+01
5.340000000000000302e-01,3.622495536959466733e+01
5.370000000000000329e-01,3.617151064854001419e+01
5.400000000000000355e-01,3.611747322849144837e+01
5.430000000000000382e-01,3.606285709725012367e+01
5.460000000000000409e-01,3.600767599656744267e+01
5.490000000000000435e-01,3.595194342631167927e+01
5.520000000000000462e-01,3.589567264856368922e+01
5.550000000000000488e-01,3.583887669164407441e+01
5.580000000000000515e-01,3.578156835407239811e+01
5.610000000000000542e-01,3.572376020845898381e+01
5.640000000000000568e-01,3.566546460533318452e+01
5.670000000000000595e-01,3.560669367690525178e+01
5.700000000000000622e-01,3.554745934076503744e+01
5.730000000000000648e-01,3.548777330352046988e+01
5.760000000000000675e-01,3.542764706437170474e+01
5.789999999999999591e-01,3.536709191862790647e+01
5.819999999999999618e-01,3.530611896116300841e+01
5.849999999999999645e-01,3.524473908981403270e+01
5.879999999999999671e-01,3.518296300872206217e+01
5.909999999999999698e-01,3.512080123161681655e+01
5.939999999999999725e-01,3.505826408504645286e+01
5.969999999999999751e-01,3.499536171155214959e+01
5.999999999999999778e-01,3.493210407279040908e+01
6.029999999999999805e-01,3.486850095260123794e+01
6.059999999999999831e-01,3.480456196002588598e+01
6.089999999999999858e-01,3.474029653227354686e+01
6.119999999999999885e-01,3.467571393763790155e+01
6.149999999999999911e-01,3.461082327836448513e+01
6.179999999999999938e-01,3.454563349346998535e+01
6.209999999999999964e-01,3.448015336151399168e+01
6.239999999999999991e-01,3.441439150332391250e+01
6.270000000000000018e-01,3.434835638467432517e+01
6.300000000000000044e-01,3.428205631892095795e+01
6.330000000000000071e-01,3.421549946959060406e+01
6.360000000000000098e-01,3.414869385292674053e+01
6.390000000000000124e-01,3.408164734039302601e+01
6.400000000000000133e-01,3.405924631042099548e+01
6.420000000000000151e-01,3.401436766113468479e+01
6.450000000000000178e-01,3.394686240439719427e+01
6.480000000000000204e-01,3.387913902190605597e+01
6.510000000000000231e-01,3.381120483020519885e+01
6.540000000000000258e-01,3.374306701295625288e+01
6.570000000000000284e-01,3.367473262319950322e+01
6.600000000000000311e-01,3.360620858557593493e+01
6.630000000000000338e-01,3.353750169851328167e+01
6.660000000000000364e-01,3.346861863637334977e+01
6.690000000000000391e-01,3.339956595156510843e+01
6.720000000000000417e-01,3.333035007662030580e+01
6.750000000000000444e-01,3.326097732623588143e+01
6.780000000000000471e-01,3.319145389928057455e+01
6.810000000000000497e-01,3.312178588076867669e+01
6.840000000000000524e-01,3.305197924380006924e+01
6.870000000000000551e-01,3.298203985146731299e+01
6.900000000000000577e-01,3.291197345873157332e+01
6.930000000000000604e-01,3.284178571426593862e+01
6.960000000000000631e-01,3.277148216226783006e+01
6.990000000000000657e-01,3.270106824424180303e+01
7.020000000000000684e-01,3.263054930075094973e+01
7.049999999999999600e-01,3.255993057313967398e+01
7.079999999999999627e-01,3.248921720522733381e+01
7.109999999999999654e-01,3.241841424497305013e+01
7.139999999999999680e-01,3.234752664611275463e+01
7.169999999999999707e-01,3.227655926976815692e+01
7.199999999999999734e-01,3.220551688602973428e+01
7.229999999999999760e-01,3.213440417551140627e+01
7.259999999999999787e-01,3.206322573088030481e+01
7.289999999999999813e-01,3.199198605836006593e+01
7.319999999999999840e-01,3.192068957920953665e+01
7.349999999999999867e-01,3.184934063117546188e+01
7.379999999999999893e-01,3.177794346992162033e+01
7.409999999999999920e-01,3.170650227043325486e+01
7.439999999999999947e-01,3.163502112839855585e+01
7.469999999999999973e-01,3.156350406156566635e+01
7.500000000000000000e-01,3.149195501107827155e+01
7.530000000000000027e-01,3.142037784278748802e+01
7.560000000000000053e-01,3.134877634854199258e+01
7.590000000000000080e-01,3.127715424745690953e+01
7.620000000000000107e-01,3.120551518716042949e+01
7.650000000000000133e-01,3.113386274502002848e+01
7.680000000000000160e-01,3.106220042934799608e+01
7.710000000000000187e-01,3.099053168058601315e+01
7.740000000000000213e-01,3.091885987247059475e+01
7.770000000000000240e-01,3.084718831317825050e+01
7.800000000000000266e-01,3.077552024645159179e+01
7.830000000000000293e-01,3.070385885270664517e+01
7.860000000000000320e-01,3.063220725012084600e+01
7.890000000000000346e-01,3.056056849570331835e+01
7.920000000000000373e-01,3.048894558634687257e+01
7.950000000000000400e-01,3.041734145986191962e+01
7.980000000000000426e-01,3.034575899599426663e+01
8.010000000000000453e-01,3.027420101742274028e+01
8.040000000000000480e-01,3.020267029074447507e+01
8.070000000000000506e-01,3.013116952743902388e+01
8.100000000000000533e-01,3.005970138481943366e+01
8.130000000000000560e-01,2.998826846696524839e+01
8.160000000000000586e-01,2.991687332564151447e+01
8.190000000000000613e-01,2.984551846120061214e+01
8.220000000000000639e-01,2.977420632346976603e+01
8.250000000000000666e-01,2.970293931262363785e+01
8.280000000000000693e-01,2.963171978004196561e+01
8.310000000000000719e-01,2.956055002915225316e+01
8.339999999999999636e-01,2.948943231625951356e+01
8.369999999999999662e-01,2.941836885136016377e+01
8.399999999999999689e-01,2.934736179894418129e+01
8.429999999999999716e-01,2.927641327878233213e+01
8.459999999999999742e-01,2.920552536670033916e+01
8.489999999999999769e-01,2.913470009534015048e+01
8.519999999999999796e-01,2.906393945490891539e+01
8.549999999999999822e-01,2.899324539391398403e+01
8.579999999999999849e-01,2.892261981988690422e+01
8.609999999999999876e-01,2.885206460009385054e+01
8.639999999999999902e-01,2.878158156223540587e+01
8.669999999999999929e-01,2.871117249513321568e+01
8.699999999999999956e-01,2.864083914940637854e+01
8.729999999999999982e-01,2.857058323813508238e+01
8.760000000000000009e-01,2.850040643751385971e+01
8.790000000000000036e-01,2.843031038749365536e+01
8.820000000000000062e-01,2.836029669241279549e+01
8.850000000000000089e-01,2.829036692161767519e+01
8.880000000000000115e-01,2.822052261007253193e+01
8.910000000000000142e-01,2.815076525895947768e+01
8.940000000000000169e-01,2.808109633626719415e+01
8.970000000000000195e-01,2.801151727737168073e+01
9.000000000000000222e-01,2.794202948560524646e+01
9.030000000000000249e-01,2.787263433281665925e+01
9.060000000000000275e-01,2.780333315992189114e+01
9.090000000000000302e-01,2.773412727744593553e+01
9.120000000000000329e-01,2.766501796605414754e+01
9.150000000000000355e-01,2.759600647707582155e+01
9.180000000000000382e-01,2.752709403301908253e+01
9.210000000000000409e-01,2.745828182807534645e+01
9.240000000000000435e-01,2.738957102861731840e+01
9.270000000000000462e-01,2.732096277368734860e+01
9.300000000000000488e-01,2.725245817547771665e+01
9.330000000000000515e-01,2.718405831980307852e+01
9.360000000000000542e-01,2.711576426656452909e+01
9.390000000000000568e-01,2.704757705020616498e+01
9.420000000000000595e-01,2.697949768016359684e+01
9.450000000000000622e-01,2.691152714130527812e+01
9.480000000000000648e-01,2.684366639436578694e+01
9.510000000000000675e-01,2.677591637637233291e+01
9.540000000000000702e-01,2.670827800106354388e+01
9.570000000000000728e-01,2.664075215930182949e+01
9.599999999999999645e-01,2.657333971947767282e+01
9.629999999999999671e-01,2.650604152790861079e+01
9.659999999999999698e-01,2.643885840922960995e+01
9.689999999999999725e-01,2.637179116677861757e+01
9.719999999999999751e-01,2.630484058297403749e+01
9.749999999999999778e-01,2.623800741968730321e+01
9.779999999999999805e-01,2.617129241860759237e+01
9.809999999999999831e-01,2.610469630160150700e+01
9.839999999999999858e-01,2.603821977106635188e+01
9.869999999999999885e-01,2.597186351027692552e+01
9.899999999999999911e-01,2.590562818372731968e+01
9.929999999999999938e-01,2.583951443746591892e+01
9.959999999999999964e-01,2.577352289942571417e+01
9.989999999999999991e-01,2.570765417974830669e+01
1.002000000000000002e+00,2.564190887110230221e+01
1.005000000000000115e+00,2.557628754899725365e+01
1.008000000000000007e+00,2.551079077209134738e+01
1.011000000000000121e+00,2.544541908249387774e+01
1.014000000000000012e+00,2.538017300606344406e+01
1.017000000000000126e+00,2.531505305270002282e+01
1.020000000000000018e+00,2.525005971663294346e+01
1.023000000000000131e+00,2.518519347670303432e+01
1.026000000000000023e+00,2.512045479664129743e+01
1.028999999999999915e+00,2.505584412534155803e+01
1.032000000000000028e+00,2.499136189712887202e+01
1.034999999999999920e+00,2.492700853202422806e+01
1.038000000000000034e+00,2.486278443600303234e+01
1.040999999999999925e+00,2.479869000125109224e+01
1.044000000000000039e+00,2.473472560641460305e+01
1.046999999999999931e+00,2.467089161684732801e+01
1.050000000000000044e+00,2.460718838485206916e+01
1.052999999999999936e+00,2.454361624991965840e+01
1.056000000000000050e+00,2.448017553896231746e+01
1.058999999999999941e+00,2.441686656654413312e+01
1.062000000000000055e+00,2.435368963510739349e+01
1.064999999999999947e+00,2.429064503519441232e+01
1.068000000000000060e+00,2.422773304566649344e+01
1.070999999999999952e+00,2.416495393391873847e+01
1.074000000000000066e+00,2.410230795609089682e+01
1.076999999999999957e+00,2.403979535727542327e+01
1.080000000000000071e+00,2.397741637172105911e+01
1.082999999999999963e+00,2.391517122303343967e+01
1.086000000000000076e+00,2.385306012437254353e+01
1.088999999999999968e+00,2.379108327864609862e+01
1.092000000000000082e+00,2.372924087870013921e+01
1.094999999999999973e+00,2.366753310750650385e+01
1.098000000000000087e+00,2.360596013834620877e+01
1.100999999999999979e+00,2.354452213499097724e+01
1.104000000000000092e+00,2.348321925188067283e+01
1.106999999999999984e+00,2.342205163429809289e+01
1.110000000000000098e+00,2.336101941854051844e+01
1.112999999999999989e+00,2.330012273208917151e+01
1.116000000000000103e+00,2.323936169377459748e+01
1.118999999999999995e+00,2.317873641393975959e+01
1.122000000000000108e+00,2.311824699460041188e+01
1.125000000000000000e+00,2.305789352960308136e+01
1.128000000000000114e+00,2.299767610477943691e+01
1.131000000000000005e+00,2.293759479809849822e+01
1.134000000000000119e+00,2.287764967981671660e+01
1.137000000000000011e+00,2.281784081262452091e+01
1.140000000000000124e+00,2.275816825179132152e+01
1.143000000000000016e+00,2.269863204530688350e+01
1.146000000000000130e+00,2.263923223402174401e+01
1.149000000000000021e+00,2.257996885178392787e+01
1.152000000000000135e+00,2.252084192557399334e+01
1.155000000000000027e+00,2.246185147563743456e+01
1.157999999999999918e+00,2.240299751561530428e+01
1.161000000000000032e+00,2.234428005267188055e+01
1.163999999999999924e+00,2.228569908762071705e+01
1.167000000000000037e+00,2.222725461504843381e+01
1.169999999999999929e+00,2.216894662343611344e+01
1.173000000000000043e+00,2.211077509527853380e+01
1.175999999999999934e+00,2.205274000720225303e+01
1.179000000000000048e+00,2.199484133008041553e+01
1.181999999999999940e+00,2.193707902914647079e+01
1.185000000000000053e+00,2.187945306410546209e+01
1.187999999999999945e+00,2.182196338924371659e+01
1.191000000000000059e+00,2.176460995353642502e+01
1.193999999999999950e+00,2.170739270075357652e+01
1.197000000000000064e+00,2.165031156956365876e+01
1.199999999999999956e+00,2.159336649363612182e+01
1.203000000000000069e+00,2.153655740174173161e+01
1.205999999999999961e+00,2.147988421785114355e+01
1.209000000000000075e+00,2.142334686123200171e+01
1.211999999999999966e+00,2.136694524654443939e+01
1.215000000000000080e+00,2.131067928393416366e+01
1.217999999999999972e+00,2.125454887912530566e+01
1.221000000000000085e+00,2.119855393351019757e+01
1.223999999999999977e+00,2.114269434423863459e+01
1.227000000000000091e+00,2.108697000430510471e+01
1.229999999999999982e+00,2.103138080263482124e+01
1.233000000000000096e+00,2.097592662416764497e+01
1.235999999999999988e+00,2.092060734994153748e+01
1.239000000000000101e+00,2.086542285717355938e+01
1.241999999999999993e+00,2.081037301934025763e+01
1.245000000000000107e+00,2.075545770625608455e+01
1.247999999999999998e+00,2.070067678415086121e+01
1.251000000000000112e+00,2.064603011574564206e+01
1.254000000000000004e+00,2.059151756032722602e+01
1.257000000000000117e+00,2.053713897382179354e+01
1.260000000000000009e+00,2.048289420886697343e+01
1.263000000000000123e+00,2.042878311488206222e+01
1.266000000000000014e+00,2.037480553813842121e+01
1.269000000000000128e+00,2.032096132182714499e+01
1.272000000000000020e+00,2.026725030612678324e+01
1.275000000000000133e+00,2.021367232826896299e+01
1.278000000000000025e+00,2.016022722260332145e+01
1.280999999999999917e+00,2.010691482066149050e+01
1.284000000000000030e+00,2.005373495121927618e+01
1.286999999999999922e+00,2.000068744035839785e+01
1.290000000000000036e+00,1.994777211152713292e+01
1.292999999999999927e+00,1.989498878559924577e+01
1.296000000000000041e+00,1.984233728093265015e+01
1.298999999999999932e+00,1.978981741342662559e+01
1.302000000000000046e+00,1.973742899657826300e+01
1.304999999999999938e+00,1.968517184153743216e+01
1.308000000000000052e+00,1.963304575716158240e+01
1.310000000000000053e+00,1.959836775587379165e+01
1.310999999999999943e+00,1.958105055006897288e+01
1.314000000000000057e+00,1.952918602469089748e+01
1.316999999999999948e+00,1.947745198332375338e+01
1.320000000000000062e+00,1.942584822617916629e+01
1.322999999999999954e+00,1.937437455143390608e+01
1.326000000000000068e+00,1.932303075527897462e+01
1.328999999999999959e+00,1.927181663196719441e+01
1.332000000000000073e+00,1.922073197386078292e+01
1.334999999999999964e+00,1.916977657147748459e+01
1.338000000000000078e+00,1.911895021353600299e+01
1.340999999999999970e+00,1.906825268700086085e+01
1.344000000000000083e+00,1.901768377712634361e+01
1.346999999999999975e+00,1.896724326749933454e+01
1.350000000000000089e+00,1.891693094008201825e+01
1.352999999999999980e+00,1.886674657525349375e+01
1.356000000000000094e+00,1.881668995185037119e+01
1.358999999999999986e+00,1.876676084720727644e+01
1.362000000000000099e+00,1.871695903719586340e+01
1.364999999999999991e+00,1.866728429626413543e+01
1.368000000000000105e+00,1.861773639747401177e+01
1.370999999999999996e+00,1.856831511253891520e+01
1.374000000000000110e+00,1.851902021186044323e+01
1.377000000000000002e+00,1.846985146456433924e+01
1.380000000000000115e+00,1.842080863853602324e+01
1.383000000000000007e+00,1.837189150045526631e+01
1.386000000000000121e+00,1.832309981583061642e+01
1.389000000000000012e+00,1.827443334903251682e+01
1.392000000000000126e+00,1.822589186332637112e+01
1.395000000000000018e+00,1.817747512090516082e+01
1.398000000000000131e+00,1.812918288292099334e+01
1.401000000000000023e+00,1.808101490951612078e+01
1.404000000000000137e+00,1.803297095985409726e+01
1.407000000000000028e+00,1.798505079214922020e+01
1.409999999999999920e+00,1.793725416369657921e+01
1.413000000000000034e+00,1.788958083090090767e+01
1.415999999999999925e+00,1.784203054930482679e+01
1.419000000000000039e+00,1.779460307361712879e+01
1.421999999999999931e+00,1.774729815774024644e+01
1.425000000000000044e+00,1.770011555479675280e+01
1.427999999999999936e+00,1.765305501715650394e+01
1.431000000000000050e+00,1.760611629646206922e+01
1.433999999999999941e+00,1.755929914365450983e+01
1.437000000000000055e+00,1.751260330899852136e+01
1.439999999999999947e+00,1.746602854210667388e+01
1.443000000000000060e+00,1.741957459196386893e+01
1.445999999999999952e+00,1.737324120695101826e+01
1.449000000000000066e+00,1.732702813486806193e+01
1.451999999999999957e+00,1.728093512295726342e+01
1.455000000000000071e+00,1.723496191792512278e+01
1.457999999999999963e+00,1.718910826596454555e+01
1.461000000000000076e+00,1.714337391277680567e+01
1.463999999999999968e+00,1.709775860359237143e+01
1.467000000000000082e+00,1.705226208319166048e+01
1.469999999999999973e+00,1.700688409592569172e+01
1.473000000000000087e+00,1.696162438573619369e+01
1.475999999999999979e+00,1.691648269617495970e+01
1.479000000000000092e+00,1.687145877042354769e+01
1.481999999999999984e+00,1.682655235131190352e+01
1.485000000000000098e+00,1.678176318133713352e+01
1.487999999999999989e+00,1.673709100268172278e+01
1.491000000000000103e+00,1.669253555723140181e+01
1.493999999999999995e+00,1.664809658659288871e+01
1.497000000000000108e+00,1.660377383211092450e+01
1.500000000000000000e+00,1.655956703488530124e+01
1.503000000000000114e+00,1.651547593578739992e+01
1.506000000000000005e+00,1.647150027547660045e+01
1.509000000000000119e+00,1.642763979441616584e+01
1.512000000000000011e+00,1.638389423288886348e+01
1.515000000000000124e+00,1.634026333101267525e+01
1.518000000000000016e+00,1.629674682875525704e+01
1.521000000000000130e+00,1.625334446594963467e+01
1.524000000000000021e+00,1.621005598230773259e+01
1.527000000000000135e+00,1.616688111743536993e+01
1.530000000000000027e+00,1.612381961084589221e+01
1.533000000000000140e+00,1.608087120197403053e+01
1.536000000000000032e+00,1.603803563018912470e+01
1.538999999999999924e+00,1.599531263480852417e+01
1.542000000000000037e+00,1.595270195511044342e+01
1.544999999999999929e+00,1.591020333034652445e+01
1.548000000000000043e+00,1.586781649975442576e+01
1.550999999999999934e+00,1.582554120256999575e+01
1.554000000000000048e+00,1.578337717803906415e+01
1.556999999999999940e+00,1.574132416542930279e+01
1.560000000000000053e+00,1.569938190404180034e+01
1.562999999999999945e+00,1.565755013322200107e+01
1.566000000000000059e+00,1.561582859237108600e+01
1.568999999999999950e+00,1.557421702095666483e+01
1.572000000000000064e+00,1.553271515852332385e+01
1.574999999999999956e+00,1.549132274470300175e+01
1.578000000000000069e+00,1.545003951922543273e+01
1.580999999999999961e+00,1.540886522192788810e+01
1.584000000000000075e+00,1.536779959276502439e+01
1.586999999999999966e+00,1.532684237181843301e+01
1.590000000000000080e+00,1.528599329930625039e+01
1.592999999999999972e+00,1.524525211559210192e+01
1.596000000000000085e+00,1.520461856119419863e+01
1.598999999999999977e+00,1.516409237679438782e+01
1.602000000000000091e+00,1.512367330324657466e+01
1.604999999999999982e+00,1.508336108158509603e+01
1.608000000000000096e+00,1.504315545303355428e+01
1.610999999999999988e+00,1.500305615901236322e+01
1.614000000000000101e+00,1.496306294114707569e+01
1.616999999999999993e+00,1.492317554127607160e+01
1.620000000000000107e+00,1.488339370145825313e+01
1.622999999999999998e+00,1.484371716398048768e+01
1.626000000000000112e+00,1.480414567136499393e+01
1.629000000000000004e+00,1.476467896637626964e+01
1.632000000000000117e+00,1.472531679202867316e+01
1.635000000000000009e+00,1.468605889159274014e+01
1.638000000000000123e+00,1.464690500860215927e+01
1.641000000000000014e+00,1.460785488686036437e+01
1.644000000000000128e+00,1.456890827044692571e+01
1.647000000000000020e+00,1.453006490372388626e+01
1.650000000000000133e+00,1.449132453134194520e+01
1.653000000000000025e+00,1.445268689824646557e+01
1.656000000000000139e+00,1.441415174968338953e+01
1.659000000000000030e+00,1.437571883120514649e+01
1.662000000000000144e+00,1.433738788867603375e+01
1.665000000000000036e+00,1.429915866827791504e+01
1.667999999999999927e+00,1.426103091651576094e+01
1.671000000000000041e+00,1.422300438022262625e+01
1.673999999999999932e+00,1.418507880656503062e+01
1.677000000000000046e+00,1.414725394304795891e+01
1.679999999999999938e+00,1.410952953751986350e+01
1.683000000000000052e+00,1.407190533817728095e+01
1.685999999999999943e+00,1.403438109356982899e+01
1.689000000000000057e+00,1.399695655260453897e+01
1.691999999999999948e+00,1.395963146455062187e+01
1.695000000000000062e+00,1.392240557904368359e+01
1.697999999999999954e+00,1.388527864609003792e+01
1.701000000000000068e+00,1.384825041607096630e+01
1.703999999999999959e+00,1.381132063974678204e+01
1.707000000000000073e+00,1.377448906826083430e+01
1.709999999999999964e+00,1.373775545314329172e+01
1.713000000000000078e+00,1.370111954631528839e+01
1.715999999999999970e+00,1.366458110009218707e+01
1.719000000000000083e+00,1.362813986718756709e+01
1.721999999999999975e+00,1.359179560071660831e+01
1.725000000000000089e+00,1.355554805419938624e+01
1.727999999999999980e+00,1.351939698156464331e+01
1.731000000000000094e+00,1.348334213715273400e+01
1.733999999999999986e+00,1.344738327571880099e+01
1.737000000000000099e+00,1.341152015243618045e+01
1.739999999999999991e+00,1.337575252289917849e+01
1.743000000000000105e+00,1.334008014312610158e+01
1.745999999999999996e+00,1.330450276956223021e+01
1.749000000000000110e+00,1.326902015908235732e+01
1.752000000000000002e+00,1.323363206899385069e+01
1.755000000000000115e+00,1.319833825703914343e+01
1.758000000000000007e+00,1.316313848139826170e+01
1.761000000000000121e+00,1.312803250069141825e+01
1.764000000000000012e+00,1.309302007398151524e+01
1.767000000000000126e+00,1.305810096077640381e+01
1.770000000000000018e+00,1.302327492103120932e+01
1.773000000000000131e+00,1.298854171515068678e+01
1.776000000000000023e+00,1.295390110399125838e+01
1.779000000000000137e+00,1.291935284886318769e+01
1.782000000000000028e+00,1.288489671153271487e+01
1.785000000000000142e+00,1.285053245422392010e+01
1.788000000000000034e+00,1.281625983962072723e+01
1.791000000000000147e+00,1.278207863086875307e+01
1.794000000000000039e+00,1.274798859157717956e+01
1.796999999999999931e+00,1.271398948582040944e+01
1.800000000000000044e+00,1.268008107813990826e+01
1.802999999999999936e+00,1.264626313354573028e+01
1.806000000000000050e+00,1.261253541751815277e+01
1.808999999999999941e+00,1.257889769600931551e+01
1.812000000000000055e+00,1.254534973544454424e+01
1.814999999999999947e+00,1.251189130272389782e+01
1.818000000000000060e+00,1.247852216522355562e+01
1.820999999999999952e+00,1.244524209079717814e+01
1.824000000000000066e+00,1.241205084777711320e+01
1.826999999999999957e+00,1.237894820497570869e+01
1.830000000000000071e+00,1.234593393168649023e+01
1.832999999999999963e+00,1.231300779768542775e+01
1.836000000000000076e+00,1.228016957323181124e+01
1.838999999999999968e+00,1.224741902906954927e+01
1.842000000000000082e+00,1.221475593642800384e+01
1.844999999999999973e+00,1.218218006702320722e+01
1.848000000000000087e+00,1.214969119305855472e+01
1.850999999999999979e+00,1.211728908722580655e+01
1.854000000000000092e+00,1.208497352270600622e+01
1.856999999999999984e+00,1.205274427317025143e+01
1.860000000000000098e+00,1.202060111278039933e+01
1.862999999999999989e+00,1.198854381618993159e+01
1.866000000000000103e+00,1.195657215854463296e+01
1.868999999999999995e+00,1.192468591548319878e+01
1.872000000000000108e+00,1.189288486313790649e+01
1.875000000000000000e+00,1.186116877813529413e+01
1.878000000000000114e+00,1.182953743759652099e+01
1.881000000000000005e+00,1.179799061913817759e+01
1.884000000000000119e+00,1.176652810087252554e+01
1.887000000000000011e+00,1.173514966140816362e+01
1.890000000000000124e+00,1.170385507985032625e+01
1.893000000000000016e+00,1.167264413580129201e+01
1.896000000000000130e+00,1.164151660936089883e+01
1.899000000000000021e+00,1.161047228112674112e+01
1.902000000000000135e+00,1.157951093219448069e+01
1.905000000000000027e+00,1.154863234415827655e+01
1.908000000000000140e+00,1.151783629911085249e+01
1.911000000000000032e+00,1.148712257964384165e+01
1.914000000000000146e+00,1.145649096884798901e+01
1.917000000000000037e+00,1.142594125031330243e+01
1.919999999999999929e+00,1.139547320812910591e+01
1.923000000000000043e+00,1.136508662688436466e+01
1.925999999999999934e+00,1.133478129166756609e+01
1.929000000000000048e+00,1.130455698806693121e+01
1.931999999999999940e+00,1.127441350217048921e+01
1.935000000000000053e+00,1.124435062056583590e+01
1.937999999999999945e+00,1.121436813034059021e+01
1.941000000000000059e+00,1.118446581908191639e+01
1.943999999999999950e+00,1.115464347487670693e+01
1.947000000000000064e+00,1.112490088631153107e+01
1.949999999999999956e+00,1.109523784247248734e+01
1.953000000000000069e+00,1.106565413294504907e+01
1.955999999999999961e+00,1.103614954781405366e+01
1.959000000000000075e+00,1.100672387766342020e+01
1.961999999999999966e+00,1.097737691357605527e+01
1.965000000000000080e+00,1.094810844713368780e+01
1.967999999999999972e+00,1.091891827041657770e+01
1.971000000000000085e+00,1.088980617600331335e+01
1.973999999999999977e+00,1.086077195697059494e+01
1.977000000000000091e+00,1.083181540689298750e+01
1.979999999999999982e+00,1.080293631984255676e+01
1.983000000000000096e+00,1.077413449038860271e+01
1.985999999999999988e+00,1.074540971359743402e+01
1.989000000000000101e+00,1.071676178503181731e+01
1.991999999999999993e+00,1.068819050075092214e+01
1.995000000000000107e+00,1.065969565730965840e+01
1.997999999999999998e+00,1.063127705175850757e+01
2.000999999999999890e+00,1.060293448164304841e+01
2.004000000000000004e+00,1.057466774500348450e+01
2.007000000000000117e+00,1.054647664037436172e+01
2.010000000000000231e+00,1.051836096678401056e+01
2.012999999999999901e+00,1.049032052375411617e+01
2.016000000000000014e+00,1.046235511129924234e+01
2.019000000000000128e+00,1.043446452992639806e+01
2.022000000000000242e+00,1.040664858063451526e+01
2.024999999999999911e+00,1.037890706491393011e+01
2.028000000000000025e+00,1.035123978474583772e+01
2.031000000000000139e+00,1.032364654260178582e+01
2.034000000000000252e+00,1.029612714144316143e+01
2.036999999999999922e+00,1.026868138472064018e+01
2.040000000000000036e+00,1.024130907637345977e+01
2.043000000000000149e+00,1.021401002082904164e+01
2.046000000000000263e+00,1.018678402300235497e+01
2.048999999999999932e+00,1.015963088829520444e+01
2.052000000000000046e+00,1.013255042259571859e+01
2.055000000000000160e+00,1.010554243227768723e+01
2.057999999999999829e+00,1.007860672419995751e+01
2.060999999999999943e+00,1.005174310570574825e+01
2.064000000000000057e+00,1.002495138462206548e+01
2.067000000000000171e+00,9.998231369258956391e+00
2.069999999999999840e+00,9.971582868408905398e+00
2.072999999999999954e+00,9.945005691346059606e+00
2.076000000000000068e+00,9.918499647825722576e+00
2.079000000000000181e+00,9.892064548083425279e+00
2.081999999999999851e+00,9.865700202834416288e+00
2.084999999999999964e+00,9.839406423272794910e+00
2.088000000000000078e+00,9.813183021070926770e+00
2.091000000000000192e+00,9.787029808378603590e+00
2.093999999999999861e+00,9.760946597822348636e+00
2.096999999999999975e+00,9.734933202504661764e+00
2.100000000000000089e+00,9.708989436003298223e+00
2.103000000000000203e+00,9.683115112370458633e+00
2.105999999999999872e+00,9.657310046132090875e+00
2.108999999999999986e+00,9.631574052287017906e+00
2.112000000000000099e+00,9.605906946306204119e+00
2.115000000000000213e+00,9.580308544132067894e+00
2.117999999999999883e+00,9.554778662177488613e+00
2.120999999999999996e+00,9.529317117325167175e+00
2.124000000000000110e+00,9.503923726926753801e+00
2.127000000000000224e+00,9.478598308802084205e+00
2.129999999999999893e+00,9.453340681238293186e+00
2.133000000000000007e+00,9.428150662989068564e+00
2.136000000000000121e+00,9.403028073273713261e+00
2.139000000000000234e+00,9.377972731776454296e+00
2.141999999999999904e+00,9.352984458645524413e+00
2.145000000000000018e+00,9.328063074492312978e+00
2.148000000000000131e+00,9.303208400390520438e+00
2.151000000000000245e+00,9.278420257875360733e+00
2.153999999999999915e+00,9.253698468942646471e+00
2.157000000000000028e+00,9.229042856047929178e+00
2.160000000000000142e+00,9.204453242105680388e+00
2.163000000000000256e+00,9.179929450488373277e+00
2.165999999999999925e+00,9.155471305025612239e+00
2.169000000000000039e+00,9.131078630003310437e+00
2.172000000000000153e+00,9.106751250162764322e+00
2.175000000000000266e+00,9.082488990699685516e+00
2.177999999999999936e+00,9.058291677263559549e+00
2.181000000000000050e+00,9.034159135956452147e+00
2.184000000000000163e+00,9.010091193332304016e+00
2.186999999999999833e+00,8.986087676395998258e+00
2.189999999999999947e+00,8.962148412602422454e+00
2.193000000000000060e+00,8.938273229855598245e+00
2.196000000000000174e+00,8.914461956507732765e+00
2.198999999999999844e+00,8.890714421358387298e+00
2.201999999999999957e+00,8.867030453653431010e+00
2.205000000000000071e+00,8.843409883084296652e+00
2.208000000000000185e+00,8.819852539786877443e+00
2.210999999999999854e+00,8.796358254340736593e+00
2.213999999999999968e+00,8.772926857768217346e+00
2.217000000000000082e+00,8.749558181533291901e+00
2.220000000000000195e+00,8.726252057540925477e+00
2.222999999999999865e+00,8.703008318135944776e+00
2.225999999999999979e+00,8.679826796102142694e+00
2.229000000000000092e+00,8.656707324661438108e+00
2.232000000000000206e+00,8.633649737472802954e+00
2.234999999999999876e+00,8.610653868631434449e+00
2.237999999999999989e+00,8.587719552667746115e+00
2.241000000000000103e+00,8.564846624546456511e+00
2.244000000000000217e+00,8.542034919665672632e+00
2.246999999999999886e+00,8.519284273855907585e+00
2.250000000000000000e+00,8.496594523379100039e+00
2.253000000000000114e+00,8.473965504927745584e+00
2.256000000000000227e+00,8.451397055623926846e+00
2.258999999999999897e+00,8.428889013018313392e+00
2.262000000000000011e+00,8.406441215089280661e+00
2.265000000000000124e+00,8.384053500241888557e+00
2.268000000000000238e+00,8.361725707307025246e+00
2.270999999999999908e+00,8.339457675540339565e+00
2.274000000000000021e+00,8.317249244621358173e+00
2.277000000000000135e+00,8.295100254652510330e+00
2.280000000000000249e+00,8.273010546158189982e+00
2.282999999999999918e+00,8.250979960083787645e+00
2.286000000000000032e+00,8.229008337794676109e+00
2.289000000000000146e+00,8.207095521075370215e+00
2.292000000000000259e+00,8.185241352128462822e+00
2.294999999999999929e+00,8.163445673573749062e+00
2.298000000000000043e+00,8.141708328447148091e+00
2.301000000000000156e+00,8.120029160199903728e+00
2.304000000000000270e+00,8.098408012697477787e+00
2.306999999999999940e+00,8.076844730218702750e+00
2.310000000000000053e+00,8.055339157454721288e+00
2.313000000000000167e+00,8.033891139508101631e+00
2.315999999999999837e+00,8.012500521891839256e+00
2.318999999999999950e+00,7.991167150528425189e+00
2.322000000000000064e+00,7.969890871748841477e+00
2.325000000000000178e+00,7.948671532291633035e+00
2.327999999999999847e+00,7.927508979301937764e+00
2.330999999999999961e+00,7.906403060330559285e+00
2.334000000000000075e+00,7.885353623332898465e+00
2.337000000000000188e+00,7.864360516668141621e+00
2.339999999999999858e+00,7.843423589098182269e+00
2.342999999999999972e+00,7.822542689786704528e+00
2.346000000000000085e+00,7.801717668298257635e+00
2.349000000000000199e+00,7.780948374597248751e+00
2.351999999999999869e+00,7.760234659046984618e+00
2.354999999999999982e+00,7.739576372408731864e+00
2.358000000000000096e+00,7.718973365840739120e+00
2.361000000000000210e+00,7.698425490897347956e+00
2.363999999999999879e+00,7.677932599527919955e+00
2.366999999999999993e+00,7.657494544075966303e+00
2.370000000000000107e+00,7.637111177278180563e+00
2.373000000000000220e+00,7.616782352263463451e+00
2.375999999999999890e+00,7.596507922551957392e+00
2.379000000000000004e+00,7.576287742054099716e+00
2.382000000000000117e+00,7.556121665069738924e+00
2.385000000000000231e+00,7.536009546287070648e+00
2.387999999999999901e+00,7.515951240781757470e+00
2.391000000000000014e+00,7.495946604015957249e+00
2.394000000000000128e+00,7.475995491837370110e+00
2.397000000000000242e+00,7.456097760478300529e+00
2.399999999999999911e+00,7.436253266554689212e+00
2.403000000000000025e+00,7.416461867065220481e+00
2.406000000000000139e+00,7.396723419390268006e+00
2.409000000000000252e+00,7.377037781291068796e+00
2.411999999999999922e+00,7.357404810908692028e+00
2.415000000000000036e+00,7.337824366763143757e+00
2.418000000000000149e+00,7.318296307752449437e+00
2.421000000000000263e+00,7.298820493151584543e+00
2.423999999999999932e+00,7.279396782611684102e+00
2.427000000000000046e+00,7.260025036159032830e+00
2.430000000000000160e+00,7.240705114194155634e+00
2.432999999999999829e+00,7.221436877490788220e+00
2.435999999999999943e+00,7.202220187195094603e+00
2.439000000000000057e+00,7.183054904824624387e+00
2.442000000000000171e+00,7.163940892267390836e+00
2.444999999999999840e+00,7.144878011780960492e+00
2.447999999999999954e+00,7.125866125991529465e+00
2.451000000000000068e+00,7.106905097892998846e+00
2.454000000000000181e+00,7.087994790845977278e+00
2.456999999999999851e+00,7.069135068576932746e+00
2.459999999999999964e+00,7.050325795177262655e+00
2.463000000000000078e+00,7.031566835102302626e+00
2.466000000000000192e+00,7.012858053170465844e+00
2.468999999999999861e+00,6.994199314562330017e+00
2.471999999999999975e+00,6.975590484819636394e+00
2.475000000000000089e+00,6.957031429844479753e+00
2.478000000000000203e+00,6.938522015898294093e+00
2.480999999999999872e+00,6.920062109600977784e+00
2.483999999999999986e+00,6.901651577930033810e+00
2.487000000000000099e+00,6.883290288219522601e+00
2.490000000000000213e+00,6.864978108159294656e+00
2.492999999999999883e+00,6.846714905793975348e+00
2.495999999999999996e+00,6.828500549522120266e+00
2.499000000000000110e+00,6.810334908095263096e+00
2.502000000000000224e+00,6.792217850617071839e+00
2.504999999999999893e+00,6.774149246542346070e+00
2.508000000000000007e+00,6.756128965676207798e+00
2.511000000000000121e+00,6.738156878173194642e+00
2.514000000000000234e+00,6.720232854536256184e+00
2.516999999999999904e+00,6.702356765615988365e+00
2.520000000000000018e+00,6.684528482609653821e+00
2.523000000000000131e+00,6.666747877060324790e+00
2.526000000000000245e+00,6.649014820855992269e+00
2.528999999999999915e+00,6.631329186228629879e+00
2.532000000000000028e+00,6.613690845753353642e+00
2.535000000000000142e+00,6.596099672347503606e+00
2.538000000000000256e+00,6.578555539269784980e+00
2.540999999999999925e+00,6.561058320119352416e+00
2.544000000000000039e+00,6.543607888834957365e+00
2.547000000000000153e+00,6.526204119694046568e+00
2.550000000000000266e+00,6.508846887311855234e+00
2.552999999999999936e+00,6.491536066640624547e+00
2.556000000000000050e+00,6.474271532968601583e+00
2.559000000000000163e+00,6.457053161919243500e+00
2.561999999999999833e+00,6.439880829450342681e+00
2.564999999999999947e+00,6.422754411853120793e+00
2.568000000000000060e+00,6.405673785751377025e+00
2.571000000000000174e+00,6.388638828100622113e+00
2.573999999999999844e+00,6.371649416187204373e+00
2.576999999999999957e+00,6.354705427627469483e+00
2.580000000000000071e+00,6.337806740366852765e+00
2.583000000000000185e+00,6.320953232679046963e+00
2.585999999999999854e+00,6.304144783165184229e+00
2.588999999999999968e+00,6.287381270752884888e+00
2.592000000000000082e+00,6.270662574695456293e+00
2.595000000000000195e+00,6.253988574571068604e+00
2.597999999999999865e+00,6.237359150281855058e+00
2.600999999999999979e+00,6.220774182053033563e+00
2.604000000000000092e+00,6.204233550432184607e+00
2.607000000000000206e+00,6.187737136288243178e+00
2.609999999999999876e+00,6.171284820810774896e+00
2.612999999999999989e+00,6.154876485509083395e+00
2.616000000000000103e+00,6.138512012211356783e+00
2.619000000000000217e+00,6.122191283063866507e+00
2.621999999999999886e+00,6.105914180530113811e+00
2.625000000000000000e+00,6.089680587389957545e+00
2.628000000000000114e+00,6.073490386738826352e+00
2.629999999999999893e+00,6.062720968988308812e+00
2.631000000000000227e+00,6.057343461986936184e+00
2.633999999999999897e+00,6.041239696858292874e+00
2.637000000000000011e+00,6.025178975390033109e+00
2.640000000000000124e+00,6.009161181931498064e+00
2.643000000000000238e+00,5.993186201143488212e+00
2.645999999999999908e+00,5.977253917997369825e+00
2.649000000000000021e+00,5.961364217774239194e+00
2.652000000000000135e+00,5.945516986064208531e+00
2.655000000000000249e+00,5.929712108765503586e+00
2.657999999999999918e+00,5.913949472083629644e+00
2.661000000000000032e+00,5.898228962530634334e+00
2.664000000000000146e+00,5.882550466924250543e+00
2.667000000000000259e+00,5.866913872387090834e+00
2.669999999999999929e+00,5.851319066345821440e+00
2.673000000000000043e+00,5.835765936530402875e+00
2.676000000000000156e+00,5.820254370973247937e+00
2.679000000000000270e+00,5.804784258008414355e+00
2.681999999999999940e+00,5.789355486270841844e+00
2.685000000000000053e+00,5.773967944695504784e+00
2.688000000000000167e+00,5.758621522516681246e+00
2.690999999999999837e+00,5.743316109267043501e+00
2.693999999999999950e+00,5.728051594777016753e+00
2.697000000000000064e+00,5.712827869173857209e+00
2.700000000000000178e+00,5.697644822880934434e+00
2.713250000000000384e+00,5.631070176887746470e+00
2.726500000000000146e+00,5.565277590258686402e+00
2.739750000000000352e+00,5.500257826957335006e+00
2.753000000000000114e+00,5.436001760408210259e+00
2.766250000000000320e+00,5.372500372211564290e+00
2.779500000000000082e+00,5.309744750871993269e+00
2.792750000000000288e+00,5.247726090540650645e+00
2.806000000000000050e+00,5.186435689771111690e+00
2.819250000000000256e+00,5.125864950288809396e+00
2.832500000000000018e+00,5.066005375773934283e+00
2.845750000000000224e+00,5.006848570657838948e+00
2.858999999999999986e+00,4.948386238932688030e+00
2.872250000000000192e+00,4.890610182974569398e+00
2.885500000000000398e+00,4.833512302379562975e+00
2.898750000000000160e+00,4.777084592813136688e+00
2.912000000000000366e+00,4.721319144872422768e+00
2.925250000000000128e+00,4.666208142961440153e+00
2.938500000000000334e+00,4.611743864179123520e+00
2.951750000000000096e+00,4.557918677220094139e+00
2.965000000000000302e+00,4.504725041287998444e+00
2.978250000000000064e+00,4.452155505021353044e+00
2.991500000000000270e+00,4.400202705431788708e+00
3.004750000000000032e+00,4.348859366854566311e+00
3.018000000000000238e+00,4.298118299911229734e+00
3.031250000000000000e+00,4.247972400484334443e+00
3.044500000000000206e+00,4.198414648704131835e+00
3.057750000000000412e+00,4.149438107946989085e+00
3.071000000000000174e+00,4.101035923845598674e+00
3.084249999999999936e+00,4.053201323310729798e+00
3.097500000000000142e+00,4.005927613564448819e+00
3.110750000000000348e+00,3.959208181184676878e+00
3.124000000000000110e+00,3.913036491161038910e+00
3.137250000000000316e+00,3.867406085961716311e+00
3.150500000000000078e+00,3.822310584611406714e+00
3.163750000000000284e+00,3.777743681780104890e+00
3.177000000000000046e+00,3.733699146882655029e+00
3.190250000000000252e+00,3.690170823188941629e+00
3.203500000000000014e+00,3.647152626944641263e+00
3.216750000000000220e+00,3.604638546502302088e+00
3.230000000000000426e+00,3.562622641462865225e+00
3.243250000000000188e+00,3.521099041827240761e+00
3.256499999999999950e+00,3.480061947157984115e+00
3.269750000000000156e+00,3.439505625750977735e+00
3.283000000000000362e+00,3.399424413816895196e+00
3.296250000000000124e+00,3.359812714672450351e+00
3.309499999999999886e+00,3.320664997941221941e+00
3.322750000000000092e+00,3.281975798764007024e+00
3.336000000000000298e+00,3.243739717018606861e+00
3.349250000000000060e+00,3.205951416548864952e+00
3.362500000000000266e+00,3.168605624402883514e+00
3.375750000000000028e+00,3.131697130080415281e+00
3.389000000000000234e+00,3.095220784789083801e+00
3.402249999999999996e+00,3.059171500709592983e+00
3.415500000000000203e+00,3.023544250269663003e+00
3.428749999999999964e+00,2.988334065426634822e+00
3.442000000000000171e+00,2.953536036958617661e+00
3.455250000000000377e+00,2.919145313764143435e+00
3.468500000000000139e+00,2.885157102170149201e+00
3.481749999999999901e+00,2.851566665248253418e+00
3.495000000000000107e+00,2.818369322139138600e+00
3.508250000000000313e+00,2.785560447385126537e+00
3.521500000000000075e+00,2.753135470270597462e+00
3.534750000000000281e+00,2.721089874170364187e+00
3.548000000000000043e+00,2.689419195905845772e+00
3.561250000000000249e+00,2.658119025108880873e+00
3.574500000000000011e+00,2.627185003593200285e+00
3.587750000000000217e+00,2.596612824733383729e+00
3.600999999999999979e+00,2.566398232851249794e+00
3.614250000000000185e+00,2.536537022609595571e+00
3.627500000000000391e+00,2.507025038413170925e+00
3.640750000000000153e+00,2.477858173816810616e+00
3.653999999999999915e+00,2.449032370940656733e+00
3.667250000000000121e+00,2.420543619892396414e+00
3.680500000000000327e+00,2.392387958196341646e+00
3.693750000000000089e+00,2.364561470229418649e+00
3.706999999999999851e+00,2.337060286663849684e+00
3.720250000000000057e+00,2.309880583916515295e+00
3.733500000000000263e+00,2.283018583604884633e+00
3.746750000000000469e+00,2.256470552009501418e+00
3.760000000000000231e+00,2.230232799542846145e+00
3.773249999999999993e+00,2.204301680224573623e+00
3.786500000000000199e+00,2.178673591163011292e+00
3.799750000000000405e+00,2.153344972042898764e+00
3.813000000000000167e+00,2.128312304619184303e+00
3.826249999999999929e+00,2.103572112216956391e+00
3.839500000000000135e+00,2.079120959237263921e+00
3.852750000000000341e+00,2.054955450668945360e+00
3.866000000000000103e+00,2.031072231606193768e+00
3.879249999999999865e+00,2.007467986771977131e+00
3.892500000000000071e+00,1.984139440047090641e+00
3.905750000000000277e+00,1.961083354004883095e+00
3.919000000000000039e+00,1.938296529451534411e+00
3.932250000000000245e+00,1.915775804971781682e+00
3.945500000000000007e+00,1.893518056480177458e+00
3.958750000000000213e+00,1.871520196777597622e+00
3.972000000000000419e+00,1.849779175113129170e+00
3.985250000000000181e+00,1.828291976751160730e+00
3.998499999999999943e+00,1.807055622543660034e+00
4.011750000000000149e+00,1.786067168507532443e+00
4.025000000000000355e+00,1.765323705407074950e+00
4.038249999999999673e+00,1.744822358341395319e+00
4.051499999999999879e+00,1.724560286336736636e+00
4.064750000000000085e+00,1.704534681943727037e+00
4.078000000000000291e+00,1.684742770839397608e+00
4.091250000000000497e+00,1.665181811433962267e+00
4.104499999999999815e+00,1.645849094482297659e+00
4.117750000000000021e+00,1.626741942700075105e+00
4.129999999999999893e+00,1.609275216982877010e+00
4.131000000000000227e+00,1.607857710384463790e+00
4.144250000000000433e+00,1.589193783039356322e+00
4.157500000000000639e+00,1.570747577005080942e+00
4.170749999999999957e+00,1.552516539092547054e+00
4.184000000000000163e+00,1.534498146221717541e+00
4.197250000000000369e+00,1.516689905064448007e+00
4.210499999999999687e+00,1.499089351691550887e+00
4.223749999999999893e+00,1.481694051224097919e+00
4.237000000000000099e+00,1.464501597488852225e+00
4.250250000000000306e+00,1.447509612677865043e+00
4.263500000000000512e+00,1.430715747012070604e+00
4.276749999999999829e+00,1.414117678408951972e+00
4.290000000000000036e+00,1.397713112154132631e+00
4.303250000000000242e+00,1.381499780576906478e+00
4.316500000000000448e+00,1.365475442729642053e+00
4.329750000000000654e+00,1.349637884070988392e+00
4.342999999999999972e+00,1.333984916152892719e+00
4.356250000000000178e+00,1.318514376311307190e+00
4.369500000000000384e+00,1.303224127360633755e+00
4.382749999999999702e+00,1.288112057291783463e+00
4.395999999999999908e+00,1.273176078973830228e+00
4.409250000000000114e+00,1.258414129859246167e+00
4.422500000000000320e+00,1.243824171692637703e+00
4.435750000000000526e+00,1.229404190222953552e+00
4.448999999999999844e+00,1.215152194919116635e+00
4.462250000000000050e+00,1.201066218689066822e+00
4.475500000000000256e+00,1.187144317602137455e+00
4.488749999999999574e+00,1.173384570614731670e+00
4.502000000000000668e+00,1.159785079299292532e+00
4.515249999999999986e+00,1.146343967576488820e+00
4.528500000000000192e+00,1.133059381450578273e+00
4.541750000000000398e+00,1.119929488747950286e+00
4.554999999999999716e+00,1.106952478858780342e+00
4.568249999999999922e+00,1.094126562481717801e+00
4.581500000000000128e+00,1.081449971371694740e+00
4.594750000000000334e+00,1.068920958090656015e+00
4.608000000000000540e+00,1.056537795761321785e+00
4.621249999999999858e+00,1.044298777823846835e+00
4.634500000000000064e+00,1.032202217795372245e+00
4.647750000000000270e+00,1.020246449032486069e+00
4.660999999999999588e+00,1.008429824496453575e+00
4.674249999999999794e+00,9.967507165212801112e-01
4.687500000000000000e+00,9.852075165845315396e-01
4.700750000000000206e+00,9.737986350808607305e-01
4.714000000000000412e+00,9.625225010982584317e-01
4.727249999999999730e+00,9.513775621969453589e-01
4.740499999999999936e+00,9.403622841909040631e-01
4.753750000000000142e+00,9.294751509320147154e-01
4.766999999999999460e+00,9.187146640967503997e-01
4.780250000000000554e+00,9.080793429754097090e-01
4.793499999999999872e+00,8.975677242638794295e-01
4.806750000000000078e+00,8.871783618578292785e-01
4.820000000000000284e+00,8.769098266494083083e-01
4.833249999999999602e+00,8.667607063263117473e-01
4.846500000000000696e+00,8.567296051732712359e-01
4.859750000000000014e+00,8.468151438758894090e-01
4.873000000000000220e+00,8.370159593268142739e-01
4.886250000000000426e+00,8.273307044342061989e-01
4.899499999999999744e+00,8.177580479324947360e-01
4.912749999999999950e+00,8.082966741953874212e-01
4.926000000000000156e+00,7.989452830510872516e-01
4.939249999999999474e+00,7.897025895997167311e-01
4.952500000000000568e+00,7.805673240329074059e-01
4.965749999999999886e+00,7.715382314555453425e-01
4.979000000000000092e+00,7.626140717096122623e-01
4.992250000000000298e+00,7.537936192001425395e-01
5.005499999999999616e+00,7.450756627232334450e-01
5.018750000000000711e+00,7.364590052961065281e-01
5.032000000000000028e+00,7.279424639891873827e-01
5.045250000000000234e+00,7.195248697601716037e-01
5.058500000000000441e+00,7.112050672900791515e-01
5.071749999999999758e+00,7.029819148212318458e-01
5.084999999999999964e+00,6.948542839971740825e-01
5.098250000000000171e+00,6.868210597044991372e-01
5.111499999999999488e+00,6.788811399165267657e-01
5.124750000000000583e+00,6.710334355388651861e-01
5.137999999999999901e+00,6.632768702567879426e-01
5.151250000000000107e+00,6.556103803844353095e-01
5.164500000000000313e+00,6.480329147157996017e-01
5.177749999999999631e+00,6.405434343774795147e-01
5.191000000000000725e+00,6.331409126831772927e-01
5.204250000000000043e+00,6.258243349899375030e-01
5.217500000000000249e+00,6.185926985560792346e-01
5.230750000000000455e+00,6.114450124008103948e-01
5.243999999999999773e+00,6.043802971655325429e-01
5.257249999999999979e+00,5.973975849767485524e-01
5.270500000000000185e+00,5.904959193106470439e-01
5.283749999999999503e+00,5.836743548592497888e-01
5.297000000000000597e+00,5.769319573981733784e-01
5.310249999999999915e+00,5.702678036559514219e-01
5.323500000000000121e+00,5.636809811849025076e-01
5.336750000000000327e+00,5.571705882335336035e-01
5.349999999999999645e+00,5.507357336204620202e-01
5.363250000000000739e+00,5.443755366098169679e-01
5.376500000000000057e+00,5.380891267881402484e-01
5.389750000000000263e+00,5.318756439427193561e-01
5.403000000000000469e+00,5.257342379413927347e-01
5.416249999999999787e+00,5.196640686137543597e-01
5.429499999999999993e+00,5.136643056337784063e-01
5.442750000000000199e+00,5.077341284038431324e-01
5.455999999999999517e+00,5.018727259401034591e-01
5.469250000000000611e+00,4.960792967592462799e-01
5.482499999999999929e+00,4.903530487665894166e-01
5.495750000000000135e+00,4.846931991454770938e-01
5.509000000000000341e+00,4.790989742480179503e-01
5.522249999999999659e+00,4.735696094871018613e-01
5.535500000000000753e+00,4.681043492297000674e-01
5.548750000000000071e+00,4.627024466914242962e-01
5.562000000000000277e+00,4.573631638323389925e-01
5.575250000000000483e+00,4.520857712540103379e-01
5.588499999999999801e+00,4.468695480977709078e-01
5.601750000000000007e+00,4.417137819441824820e-01
5.615000000000000213e+00,4.366177687137003383e-01
5.628249999999999531e+00,4.315808125685124397e-01
5.641500000000000625e+00,4.266022258155310887e-01
5.654749999999999943e+00,4.216813288105448754e-01
5.668000000000000149e+00,4.168174498634945602e-01
5.681250000000000355e+00,4.120099251448786637e-01
5.694499999999999673e+00,4.072580985932626185e-01
5.707749999999999879e+00,4.025613218238809909e-01
5.721000000000000085e+00,3.979189540383288315e-01
5.734250000000000291e+00,3.933303619353100689e-01
5.747500000000000497e+00,3.887949196224532722e-01
5.760749999999999815e+00,3.843120085291616417e-01
5.774000000000000021e+00,3.798810173204986707e-01
5.787250000000000227e+00,3.755013418120957125e-01
5.800499999999999545e+00,3.711723848860573050e-01
5.813750000000000639e+00,3.668935564078664724e-01
5.826999999999999957e+00,3.626642731442772383e-01
5.840250000000000163e+00,3.584839586821647606e-01
5.853500000000000369e+00,3.543520433483524079e-01
5.866749999999999687e+00,3.502679641303690361e-01
5.879999999999999893e+00,3.462311645981590025e-01
5.893250000000000099e+00,3.422410948267081143e-01
5.906500000000000306e+00,3.382972113195840125e-01
5.919750000000000512e+00,3.343989769333888251e-01
5.932999999999999829e+00,3.305458608030965029e-01
5.946250000000000036e+00,3.267373382682710048e-01
5.959500000000000242e+00,3.229728908001667231e-01
5.972749999999999559e+00,3.192520059296837798e-01
5.986000000000000654e+00,3.155741771761697567e-01
5.999249999999999972e+00,3.119389039770751881e-01
6.012500000000000178e+00,3.083456916184268981e-01
6.025750000000000384e+00,3.047940511661333951e-01
6.038999999999999702e+00,3.012834993980947340e-01
6.052249999999999908e+00,2.978135587371158466e-01
6.065500000000000114e+00,2.943837571846162904e-01
6.078749999999999432e+00,2.909936282551180420e-01
6.092000000000000526e+00,2.876427109115088920e-01
6.105249999999999844e+00,2.843305495010691741e-01
6.118500000000000050e+00,2.810566936922556658e-01
6.131750000000000256e+00,2.778206984122316148e-01
6.144999999999999574e+00,2.746221237851338426e-01
6.158250000000000668e+00,2.714605350710657117e-01
6.171499999999999986e+00,2.683355026058175108e-01
6.184750000000000192e+00,2.652466017412888899e-01
6.198000000000000398e+00,2.621934127866241693e-01
6.211249999999999716e+00,2.591755209500344881e-01
6.224499999999999922e+00,2.561925162813101786e-01
6.237750000000000128e+00,2.532439936150136517e-01
6.250999999999999446e+00,2.503295525143362510e-01
6.264250000000000540e+00,2.474487972156217408e-01
6.277499999999999858e+00,2.446013365735473788e-01
6.290750000000000064e+00,2.417867840069441721e-01
6.304000000000000270e+00,2.390047574452606183e-01
6.317249999999999588e+00,2.362548792756606897e-01
6.330500000000000682e+00,2.335367762907371025e-01
6.343750000000000000e+00,2.308500796368518071e-01
6.357000000000000206e+00,2.281944247630773026e-01
6.370250000000000412e+00,2.255694513707448001e-01
6.383499999999999730e+00,2.229748033635852444e-01
6.396749999999999936e+00,2.204101287984572832e-01
6.410000000000000142e+00,2.178750798366607122e-01
6.423249999999999460e+00,2.153693126958171333e-01
6.436500000000000554e+00,2.128924876023244595e-01
6.449749999999999872e+00,2.104442687443651705e-01
6.463000000000000078e+00,2.080243242254754266e-01
6.476250000000000284e+00,2.056323260186564139e-01
6.489499999999999602e+00,2.032679499210283680e-01
6.502750000000000696e+00,2.009308755090156440e-01
6.516000000000000014e+00,1.986207860940696068e-01
6.529250000000000220e+00,1.963373686788977557e-01
6.542500000000000426e+00,1.940803139142241451e-01
6.555749999999999744e+00,1.918493160560479915e-01
6.568999999999999950e+00,1.896440729234113165e-01
6.582250000000000156e+00,1.874642858566629433e-01
6.595499999999999474e+00,1.853096596762132398e-01
6.608750000000000568e+00,1.831799026417733345e-01
6.621999999999999886e+00,1.810747264120808331e-01
6.635250000000000092e+00,1.789938460050890801e-01
6.648500000000000298e+00,1.769369797586357873e-01
6.661749999999999616e+00,1.749038492915673537e-01
6.675000000000000711e+00,1.728941794653252040e-01
6.688250000000000028e+00,1.709076983459813515e-01
6.701500000000000234e+00,1.689441371667245173e-01
6.714750000000000441e+00,1.670032302907820954e-01
6.727999999999999758e+00,1.650847151747848462e-01
6.741249999999999964e+00,1.631883323325581392e-01
6.754500000000000171e+00,1.613138252993429056e-01
6.767750000000000377e+00,1.594609405964335924e-01
6.780999999999999694e+00,1.576294276962350027e-01
6.794249999999999901e+00,1.558190389877300297e-01
6.807500000000000107e+00,1.540295297423535381e-01
6.820750000000000313e+00,1.522606580802662313e-01
6.833999999999999631e+00,1.505121849370281151e-01
6.847249999999999837e+00,1.487838740306600682e-01
6.860500000000000043e+00,1.470754918290962110e-01
6.873750000000000249e+00,1.453868075180176356e-01
6.887000000000000455e+00,1.437175929690668874e-01
6.900249999999999773e+00,1.420676227084285426e-01
6.913499999999999979e+00,1.404366738857907582e-01
6.926750000000000185e+00,1.388245262436609839e-01
6.940000000000000391e+00,1.372309620870508229e-01
6.953249999999999709e+00,1.356557662535105846e-01
6.966499999999999915e+00,1.340987260835204975e-01
6.979750000000000121e+00,1.325596313912283386e-01
6.993000000000000327e+00,1.310382744355311768e-01
7.006249999999999645e+00,1.295344498914978992e-01
7.019499999999999851e+00,1.280479548221235553e-01
7.032750000000000057e+00,1.265785886504232349e-01
7.046000000000000263e+00,1.251261531318457743e-01
7.059250000000000469e+00,1.236904523270161982e-01
7.072499999999999787e+00,1.222712925748002527e-01
7.085749999999999993e+00,1.208684824656770102e-01
7.099000000000000199e+00,1.194818328154346881e-01
7.112250000000000405e+00,1.181111566391678941e-01
7.125499999999999723e+00,1.167562691255838725e-01
7.138749999999999929e+00,1.154169876116098725e-01
7.152000000000000135e+00,1.140931315572973614e-01
7.165250000000000341e+00,1.127845225210243468e-01
7.178499999999999659e+00,1.114909841349832204e-01
7.191749999999999865e+00,1.102123420809630466e-01
7.205000000000000071e+00,1.089484240664105874e-01
7.218250000000000277e+00,1.076990598007763339e-01
7.231500000000000483e+00,1.064640809721356107e-01
7.244749999999999801e+00,1.052433212240860005e-01
7.258000000000000007e+00,1.040366161329139144e-01
7.271250000000000213e+00,1.028438031850314738e-01
7.284500000000000419e+00,1.016647217546764043e-01
7.297749999999999737e+00,1.004992130818747470e-01
7.310999999999999943e+00,9.934712025066072538e-02
7.324250000000000149e+00,9.820828816755459989e-02
7.337500000000000355e+00,9.708256354029054513e-02
7.350749999999999673e+00,9.596979485679545119e-02
7.363999999999999879e+00,9.486983236441416667e-02
7.377250000000000085e+00,9.378252804937838027e-02
7.390500000000000291e+00,9.270773561651628192e-02
7.403749999999999609e+00,9.164531046919931201e-02
7.416999999999999815e+00,9.059510968952670662e-02
7.430250000000000021e+00,8.955699201873960902e-02
7.443500000000000227e+00,8.853081783786637127e-02
7.456750000000000433e+00,8.751644914859410540e-02
7.469999999999999751e+00,8.651374955436572090e-02
7.483249999999999957e+00,8.552258424169656426e-02
7.496500000000000163e+00,8.454281996171179869e-02
7.509750000000000369e+00,8.357432501190054097e-02
7.522999999999999687e+00,8.261696921808191207e-02
7.536249999999999893e+00,8.167062391658377885e-02
7.549500000000000099e+00,8.073516193663048124e-02
7.562750000000000306e+00,7.981045758293756065e-02
7.575999999999999623e+00,7.889638661850786883e-02
7.589249999999999829e+00,7.799282624763195781e-02
7.602500000000000036e+00,7.709965509908728309e-02
7.615750000000000242e+00,7.621675320953288923e-02
7.629000000000000448e+00,7.534400200709931439e-02
7.642249999999999766e+00,7.448128429517272830e-02
7.655499999999999972e+00,7.362848423636456086e-02
7.668750000000000178e+00,7.278548733667337955e-02
7.682000000000000384e+00,7.195218042983014817e-02
7.695249999999999702e+00,7.112845166182694967e-02
7.708499999999999908e+00,7.031419047562750824e-02
7.721750000000000114e+00,6.950928759605565221e-02
7.735000000000000320e+00,6.871363501486264791e-02
7.748249999999999638e+00,6.792712597596713142e-02
7.761499999999999844e+00,6.714965496086941488e-02
7.774750000000000050e+00,6.638111767423576781e-02
7.788000000000000256e+00,6.562141102965320105e-02
7.801250000000000462e+00,6.487043313554748114e-02
7.814499999999999780e+00,6.412808328126949620e-02
7.827749999999999986e+00,6.339426192334314536e-02
7.841000000000000192e+00,6.266887067187323912e-02
7.854250000000000398e+00,6.195181227711419464e-02
7.867499999999999716e+00,6.124299061619489087e-02
7.880749999999999922e+00,6.054231067999898269e-02
7.894000000000000128e+00,5.984967856019914045e-02
7.907250000000000334e+00,5.916500143644184972e-02
7.920499999999999652e+00,5.848818756368422828e-02
7.933749999999999858e+00,5.781914625967665700e-02
7.947000000000000064e+00,5.715778789259379905e-02
7.960250000000000270e+00,5.650402386880875455e-02
7.973499999999999588e+00,5.585776662081119726e-02
7.986749999999999794e+00,5.521892959526658595e-02
8.000000000000000000e+00,5.458742724121467410e-02
