t_GeV2,coherent_nb_per_GeV2,incoherent_nb_per_GeV2
0.000000000000000000e+00,4.774815139083016788e+02,0.000000000000000000e+00
5.000000000000000104e-03,4.641813784718592615e+02,1.485190429483158381e+00
1.000000000000000194e-02,4.512517749682023691e+02,2.922343174355117146e+00
1.499999999999999944e-02,4.386823789644769818e+02,4.312826817268000212e+00
2.000000000000000042e-02,4.264631537535404391e+02,5.657971663964499243e+00
2.500000000000000139e-02,4.145843423341499943e+02,6.959070810799674156e+00
2.999999999999999889e-02,4.030364596147348379e+02,8.217381182499771342e+00
3.500000000000000333e-02,3.918102848344939275e+02,9.434124540987600227e+00
4.000000000000000777e-02,3.808968541957984826e+02,1.061048846608185237e+01
4.499999999999999833e-02,3.702874537019620220e+02,1.174762730885383455e+01
4.999999999999999584e-02,3.599736121946829144e+02,1.284666311840450525e+01
5.500000000000000722e-02,3.499470945855868536e+02,1.390868654280285988e+01
5.999999999999999778e-02,3.401998952764465116e+02,1.493475770490589660e+01
6.500000000000000222e-02,3.307242317628315504e+02,1.592590705376087534e+01
7.000000000000000666e-02,3.215125384160604654e+02,1.688313619227014328e+01
7.499999999999998335e-02,3.125574604384984241e+02,1.780741868178109044e+01
8.000000000000000167e-02,3.038518479873538354e+02,1.869970082424393709e+01
8.500000000000001998e-02,2.953887504622856568e+02,1.956090242256320266e+01
8.999999999999999667e-02,2.871614109522516287e+02,2.039191751975101496e+01
9.500000000000000111e-02,2.791632608371468791e+02,2.119361511747221272e+01
1.000000000000000056e-01,2.713879145399402546e+02,2.196683987455760700e+01
1.049999999999999822e-01,2.638291644250921877e+02,2.271241278604257374e+01
1.099999999999999867e-01,2.564809758391804735e+02,2.343113184327405207e+01
1.150000000000000050e-01,2.493374822897716285e+02,2.412377267561414484e+01
1.199999999999999956e-01,2.423929807586922323e+02,2.479108917425408620e+01
1.250000000000000278e-01,2.356419271459282925e+02,2.543381409863536646e+01
1.300000000000000322e-01,2.290789318405407187e+02,2.605265966596533289e+01
1.350000000000000089e-01,2.226987554150300923e+02,2.664831812429637736e+01
1.400000000000000133e-01,2.164963044397303236e+02,2.722146230962928826e+01
1.449999999999999900e-01,2.104666274138664335e+02,2.777274618748367274e+01
1.500000000000000222e-01,2.046049108100369835e+02,2.830280537937066399e+01
1.550000000000000266e-01,1.989064752289525018e+02,2.881225767458738929e+01
1.600000000000000311e-01,1.933667716613606729e+02,2.930170352774375431e+01
1.650000000000000078e-01,1.879813778541580120e+02,2.977172654241686800e+01
1.700000000000000122e-01,1.827459947778063452e+02,3.022289394132377538e+01
1.750000000000000167e-01,1.776564431922076324e+02,3.065575702338490061e+01
1.799999999999999933e-01,1.727086603082991303e+02,3.107085160804457757e+01
1.849999999999999978e-01,1.678986965427053804e+02,3.146869846720481334e+01
1.899999999999999745e-01,1.632227123628518655e+02,3.184980374511757617e+01
1.950000000000000067e-01,1.586769752200086998e+02,3.221465936656962725e+01
1.999999999999999833e-01,1.542578565678272469e+02,3.256374343368857893e+01
2.050000000000000433e-01,1.499618289639736304e+02,3.289752061168541530e+01
2.099999999999999922e-01,1.457854632525530860e+02,3.321644250384362351e+01
2.149999999999999967e-01,1.417254258250629277e+02,3.352094801605314700e+01
2.200000000000000289e-01,1.377784759576946385e+02,3.381146371118202154e+01
2.249999999999999778e-01,1.339414632228496203e+02,3.408840415356799980e+01
2.300000000000000100e-01,1.302113249728012079e+02,3.435217224390589053e+01
2.350000000000000422e-01,1.265850838934961331e+02,3.460315954479906253e+01
2.399999999999999911e-01,1.230598456265332885e+02,3.484174659723409206e+01
2.450000000000000233e-01,1.196327964574235949e+02,3.506830322823251578e+01
2.500000000000000000e-01,1.163012010682839446e+02,3.528318884992565785e+01
2.550000000000000044e-01,1.130624003531646053e+02,3.548675275029092546e+01
2.600000000000000089e-01,1.099138092942687308e+02,3.567933437578277989e+01
2.649999999999999578e-01,1.068529148973656078e+02,3.586126360608444941e+01
2.700000000000000733e-01,1.038772741847426460e+02,3.603286102119857048e+01
2.750000000000000222e-01,1.009845122441010403e+02,3.619443816109253476e+01
2.800000000000000266e-01,9.817232033182743578e+01,3.634629777810450690e+01
2.849999999999999756e-01,9.543845402912918985e+01,3.648873408231189330e+01
2.899999999999999800e-01,9.278073144956223928e+01,3.662203298006014762e+01
2.949999999999999289e-01,9.019703149651323315e+01,3.674647230584019297e+01
2.999999999999999334e-01,8.768529216924757463e+01,3.686232204770160337e+01
3.049999999999999933e-01,8.524350891616862214e+01,3.696984456638108441e+01
3.100000000000000533e-01,8.286973303397275004e+01,3.706929480832189228e+01
3.150000000000000022e-01,8.056207011141879093e+01,3.716092051275390418e+01
3.200000000000000067e-01,7.831867851646842382e+01,3.724496241299949872e+01
3.250000000000000666e-01,7.613776792559329465e+01,3.732165443216833012e+01
3.299999999999999600e-01,7.401759789406725076e+01,3.739122387339508435e+01
3.350000000000000755e-01,7.195647646610369463e+01,3.745389160477318313e+01
3.400000000000000799e-01,6.995275882372875742e+01,3.750987223913235624e+01
3.450000000000000289e-01,6.800484597330886061e+01,3.755937430880420891e+01
3.499999999999999778e-01,6.611118346868360618e+01,3.760260043551465969e+01
3.549999999999999267e-01,6.427026016988405388e+01,3.763974749553980814e+01
3.599999999999999867e-01,6.248060703644346603e+01,3.767100678025659732e+01
3.650000000000000466e-01,6.074079595433737921e+01,3.769656415221741952e+01
3.699999999999999400e-01,5.904943859561554831e+01,3.771660019687283949e+01
3.749999999999999445e-01,5.740518530981308487e+01,3.773129037006390263e+01
3.800000000000000044e-01,5.580672404625734373e+01,3.774080514140207754e+01
3.850000000000000644e-01,5.425277930640784518e+01,3.774531013365157150e+01
3.900000000000000133e-01,5.274211112539149582e+01,3.774496625822461482e+01
3.950000000000000733e-01,5.127351408192207316e+01,3.773992984689976282e+01
4.000000000000000222e-01,4.984581633580928184e+01,3.773035277986627278e+01
4.049999999999999711e-01,4.845787869229150857e+01,3.771638261019923988e+01
4.100000000000000311e-01,4.710859369244285233e+01,3.769816268486319188e+01
4.150000000000000355e-01,4.579688472892738815e+01,3.767583226234146565e+01
4.199999999999999289e-01,4.452170518639661623e+01,3.764952662698654962e+01
4.249999999999999889e-01,4.328203760583990345e+01,3.761937720018070763e+01
4.299999999999999933e-01,4.207689287222320473e+01,3.758551164839771985e+01
4.349999999999999423e-01,4.090530942476468113e+01,3.754805398825052976e+01
4.399999999999999467e-01,3.976635248921807175e+01,3.750712468861021165e+01
4.449999999999999512e-01,3.865911333154983254e+01,3.746284076987736711e+01
4.500000000000000111e-01,3.758270853241300102e+01,3.741531590048455058e+01
4.550000000000000711e-01,3.653627928183931317e+01,3.736466049070805440e+01
4.600000000000000200e-01,3.551899069358514538e+01,3.731098178386339725e+01
4.650000000000000244e-01,3.453003113858449780e+01,3.725438394495784422e+01
4.700000000000000289e-01,3.356861159697579211e+01,3.719496814687080644e+01
4.750000000000000888e-01,3.263396502818421396e+01,3.713283265412984946e+01
4.799999999999999822e-01,3.172534575855842220e+01,3.706807290435162372e+01
4.849999999999999312e-01,3.084202888606973758e+01,3.700078158741064271e+01
4.899999999999999356e-01,2.998330970160078479e+01,3.693104872240049730e+01
4.950000000000000511e-01,2.914850312635919494e+01,3.685896173244826457e+01
5.000000000000001110e-01,2.833694316496871224e+01,3.678460551744329621e+01
5.049999999999998934e-01,2.754798237379872816e+01,3.670806252473583697e+01
5.100000000000000089e-01,2.678099134411020188e+01,3.662941281786608272e+01
5.150000000000000133e-01,2.603535819960221787e+01,3.654873414337381377e+01
5.200000000000001288e-01,2.531048810795996218e+01,3.646610199574634947e+01
5.250000000000000222e-01,2.460580280601364223e+01,3.638158968055503095e+01
5.300000000000000266e-01,2.392074013812680988e+01,3.629526837582871934e+01
5.350000000000001421e-01,2.325475360744912834e+01,3.620720719171760749e+01
5.400000000000000355e-01,2.260731193967179919e+01,3.611747322849144837e+01
5.450000000000000400e-01,2.197789865893881256e+01,3.602613163292026854e+01
5.500000000000000444e-01,2.136601167557525116e+01,3.593324565308267182e+01
5.550000000000000488e-01,2.077116288530218569e+01,3.583887669164407441e+01
5.600000000000000533e-01,2.019287777962009400e+01,3.574308435765065184e+01
5.650000000000000577e-01,1.963069506704687228e+01,3.564592651687595293e+01
5.700000000000000622e-01,1.908416630491069554e+01,3.554745934076503744e+01
5.750000000000000666e-01,1.855285554140166226e+01,3.544773735401216896e+01
5.799999999999999600e-01,1.803633896759674826e+01,3.534681348081075924e+01
5.849999999999999645e-01,1.753420457918097952e+01,3.524473908981403270e+01
5.900000000000000799e-01,1.704605184759340730e+01,3.514156403784009797e+01
5.949999999999999734e-01,1.657149140033623169e+01,3.503733671235848135e+01
6.000000000000000888e-01,1.611014471019091587e+01,3.493210407279040908e+01
6.049999999999999822e-01,1.566164379309408972e+01,3.482591169065777592e+01
6.099999999999999867e-01,1.522563091443037742e+01,3.471880378861022365e+01
6.150000000000001021e-01,1.480175830350940558e+01,3.461082327836448513e+01
6.200000000000001066e-01,1.438968787599772803e+01,3.450201179758486347e+01
6.250000000000001110e-01,1.398909096408400821e+01,3.439240974573345966e+01
6.300000000000000044e-01,1.359964805416257860e+01,3.428205631892095795e+01
6.350000000000000089e-01,1.322104853182575468e+01,3.417098954378485587e+01
6.400000000000001243e-01,1.285299043396040908e+01,3.405924631042099548e+01
6.450000000000000178e-01,1.249518020775202487e+01,3.394686240439719427e+01
6.500000000000001332e-01,1.214733247640279501e+01,3.383387253787253002e+01
6.549999999999999156e-01,1.180916981137753297e+01,3.372031037984870494e+01
6.600000000000000311e-01,1.148042251099424504e+01,3.360620858557593493e+01
6.650000000000000355e-01,1.116082838518433817e+01,3.349159882513926334e+01
6.700000000000001510e-01,1.085013254624856494e+01,3.337651181124549993e+01
6.750000000000000444e-01,1.054808720544348510e+01,3.326097732623588143e+01
6.800000000000000488e-01,1.025445147523431721e+01,3.314502424834292071e+01
6.850000000000000533e-01,9.968991177057754172e+00,3.302868057721575212e+01
6.900000000000000577e-01,9.691478654440061291e+00,3.291197345873157332e+01
6.950000000000000622e-01,9.421692591321978227e+00,3.279492920911509657e+01
7.000000000000000666e-01,9.159417835444902067e+00,3.267757333838396505e+01
7.049999999999999600e-01,8.904445226657584200e+00,3.255993057313967398e+01
7.099999999999998535e-01,8.656571430006081869e+00,3.244202487872203733e+01
7.150000000000000799e-01,8.415598773473718097e+00,3.232387948074470074e+01
7.199999999999999734e-01,8.181335090241688590e+00,3.220551688602973428e+01
7.249999999999998668e-01,7.953593565343809679e+00,3.208695890295668818e+01
7.299999999999999822e-01,7.732192586593557238e+00,3.196822666124342405e+01
7.349999999999999867e-01,7.516955599664281173e+00,3.184934063117546188e+01
7.399999999999999911e-01,7.307710967206269004e+00,3.173032064229624893e+01
7.449999999999999956e-01,7.104291831889127273e+00,3.161118590157731134e+01
7.499999999999998890e-01,6.906535983259024292e+00,3.149195501107827155e+01
7.550000000000000044e-01,6.714285728305806167e+00,3.137264598511648117e+01
7.599999999999998979e-01,6.527387765635229933e+00,3.125327626695405669e+01
7.650000000000000133e-01,6.345693063146835122e+00,3.113386274502002848e+01
7.700000000000000178e-01,6.169056739119580079e+00,3.101442176867927714e+01
7.750000000000000222e-01,5.997337946609817116e+00,3.089496916355953715e+01
7.800000000000000266e-01,5.830399761070103715e+00,3.077552024645159179e+01
7.849999999999999201e-01,5.668109071098383467e+00,3.065608983979160485e+01
7.900000000000000355e-01,5.510336472230756399e+00,3.053669228573929217e+01
7.950000000000001510e-01,5.356956163692836448e+00,3.041734145986191962e+01
7.999999999999999334e-01,5.207845848027577773e+00,3.029805078443730082e+01
8.049999999999999378e-01,5.062886633518591140e+00,3.017883324138155743e+01
8.100000000000000533e-01,4.921962939332466647e+00,3.005970138481943366e+01
8.150000000000000577e-01,4.784962403302836620e+00,2.994066735329963080e+01
8.200000000000001732e-01,4.651775792283712185e+00,2.982174288167078657e+01
8.250000000000001776e-01,4.522296914999812678e+00,2.970293931262363785e+01
8.300000000000000711e-01,4.396422537324674806e+00,2.958426760791100207e+01
8.350000000000000755e-01,4.274052299918883691e+00,2.946573835925437024e+01
8.399999999999999689e-01,4.155088638162458103e+00,2.934736179894418129e+01
8.449999999999999734e-01,4.039436704317700411e+00,2.922914781014451435e+01
8.500000000000000888e-01,3.927004291860204610e+00,2.911110593690850123e+01
8.549999999999999822e-01,3.817701761917735581e+00,2.899324539391398403e+01
8.599999999999999867e-01,3.711441971758236757e+00,2.887557507592685013e+01
8.649999999999999911e-01,3.608140205269720902e+00,2.875810356699836490e+01
8.699999999999998845e-01,3.507714105376843250e+00,2.864083914940637854e+01
8.750000000000000000e-01,3.410083608339872008e+00,2.852378981234504352e+01
8.800000000000001155e-01,3.315170879883923227e+00,2.840696326037189934e+01
8.849999999999998979e-01,3.222900253107162438e+00,2.829036692161767519e+01
8.900000000000000133e-01,3.133198168118736415e+00,2.817400795576710948e+01
8.950000000000000178e-01,3.045993113357919224e+00,2.805789326181480448e+01
8.999999999999999112e-01,2.961215568547936883e+00,2.794202948560524646e+01
9.050000000000000266e-01,2.878797949238667719e+00,2.782642302716031679e+01
9.100000000000000311e-01,2.798674552894170553e+00,2.771108004780215239e+01
9.150000000000001465e-01,2.720781506481813938e+00,2.759600647707582155e+01
9.200000000000000400e-01,2.645056715521388213e+00,2.748120801947870717e+01
9.250000000000000444e-01,2.571439814553238890e+00,2.736669016099992646e+01
9.300000000000001599e-01,2.499872118986229630e+00,2.725245817547771665e+01
9.349999999999999423e-01,2.430296578286823550e+00,2.713851713077770000e+01
9.400000000000001688e-01,2.362657730472000228e+00,2.702487189479785812e+01
9.449999999999999512e-01,2.296901657869798274e+00,2.691152714130527812e+01
9.500000000000000666e-01,2.232975944111975419e+00,2.679848735560899442e+01
9.550000000000000711e-01,2.170829632324643654e+00,2.668575684007352677e+01
9.599999999999999645e-01,2.110413184483374227e+00,2.657333971947767282e+01
9.649999999999999689e-01,2.051678441900422367e+00,2.646123994622313802e+01
9.699999999999999734e-01,1.994578586812445486e+00,2.634946130539602649e+01
9.749999999999999778e-01,1.939068105038180834e+00,2.623800741968730321e+01
9.800000000000000933e-01,1.885102749676136558e+00,2.612688175417405034e+01
9.850000000000000977e-01,1.832639505813446146e+00,2.601608762096707750e+01
9.899999999999999911e-01,1.781636556217626177e+00,2.590562818372731968e+01
9.949999999999998845e-01,1.732053247983914579e+00,2.579550646205565556e+01
1.000000000000000000e+00,1.683850060111543590e+00,2.568572533575912686e+01
1.004999999999999893e+00,1.636988571983098106e+00,2.557628754899725365e+01
1.009999999999999787e+00,1.591431432721748029e+00,2.546719571431163587e+01
1.015000000000000124e+00,1.547142331401952342e+00,2.535845231654208476e+01
1.020000000000000018e+00,1.504085968089874825e+00,2.525005971663294346e+01
1.024999999999999689e+00,1.462228025690286204e+00,2.514202015533146195e+01
1.030000000000000027e+00,1.421535142577651678e+00,2.503433575678298695e+01
1.034999999999999920e+00,1.381974885989447621e+00,2.492700853202422806e+01
1.040000000000000036e+00,1.343515726160474877e+00,2.482004038237830201e+01
1.044999999999999929e+00,1.306127011177589337e+00,2.471343310275392824e+01
1.050000000000000266e+00,1.269778942534742328e+00,2.460718838485206916e+01
1.055000000000000160e+00,1.234442551368837071e+00,2.450130782028175247e+01
1.059999999999999831e+00,1.200089675357396191e+00,2.439579290358793529e+01
1.065000000000000169e+00,1.166692936259687619e+00,2.429064503519441232e+01
1.070000000000000062e+00,1.134225718083308854e+00,2.418586552426308245e+01
1.074999999999999734e+00,1.102662145858846809e+00,2.408145559147313364e+01
1.080000000000000293e+00,1.071977065005646379e+00,2.397741637172105911e+01
1.084999999999999964e+00,1.042146021272273737e+00,2.387374891674472366e+01
1.090000000000000080e+00,1.013145241235609229e+00,2.377045419767366852e+01
1.094999999999999751e+00,9.849516133430425979e-01,2.366753310750650385e+01
1.100000000000000089e+00,9.575426694826250085e-01,2.356498646351876758e+01
1.104999999999999982e+00,9.308965670665153569e-01,2.346281500960269994e+01
1.109999999999999876e+00,9.049920716133416088e-01,2.336101941854051844e+01
1.114999999999999769e+00,8.798085398156658687e-01,2.325960029421344899e+01
1.120000000000000107e+00,8.553259030789909234e-01,2.315855817374830750e+01
1.124999999999999778e+00,8.315246515191967447e-01,2.305789352960308136e+01
1.130000000000000115e+00,8.083858184056074148e-01,2.295760677159350038e+01
1.135000000000000231e+00,7.858909650373291367e-01,2.285769824886200396e+01
1.139999999999999902e+00,7.640221660407433557e-01,2.275816825179132152e+01
1.145000000000000018e+00,7.427619950764249301e-01,2.265901701386268385e+01
1.150000000000000133e+00,7.220935109441445343e-01,2.256024471346265159e+01
1.155000000000000249e+00,7.020002440747707961e-01,2.246185147563743456e+01
1.159999999999999920e+00,6.824661833983858283e-01,2.236383737379806647e+01
1.165000000000000258e+00,6.634757635780644813e-01,2.226620243137671551e+01
1.169999999999999707e+00,6.450138525992022975e-01,2.216894662343611344e+01
1.175000000000000044e+00,6.270657397043972736e-01,2.207206987823276734e+01
1.179999999999999716e+00,6.096171236643929126e-01,2.197557207873652985e+01
1.185000000000000053e+00,5.926541013755551868e-01,2.187945306410546209e+01
1.189999999999999947e+00,5.761631567749569971e-01,2.178371263112008904e+01
1.195000000000000284e+00,5.601311500640997476e-01,2.168835053557583947e+01
1.199999999999999734e+00,5.445453072327458566e-01,2.159336649363612182e+01
1.205000000000000071e+00,5.293932098744533743e-01,2.149876018314642323e+01
1.210000000000000187e+00,5.146627852857563745e-01,2.140453124491124015e+01
1.215000000000000080e+00,5.003422968410078386e-01,2.131067928393416366e+01
1.219999999999999973e+00,4.864203346352821145e-01,2.121720387062285695e+01
1.225000000000000089e+00,4.728858063878110807e-01,2.112410454195882181e+01
1.229999999999999760e+00,4.597279285987622699e-01,2.103138080263482124e+01
1.235000000000000098e+00,4.469362179522209932e-01,2.093903212615823506e+01
1.240000000000000213e+00,4.345004829586101014e-01,2.084705795592402211e+01
1.245000000000000329e+00,4.224108158298010007e-01,2.075545770625608455e+01
1.250000000000000222e+00,4.106575845804869562e-01,2.066423076341906295e+01
1.255000000000000338e+00,3.992314253494883558e-01,2.057337648660077534e+01
1.260000000000000009e+00,3.881232349348930910e-01,2.048289420886697343e+01
1.265000000000000346e+00,3.773241635370252478e-01,2.039278323808748183e+01
1.269999999999999796e+00,3.668256077035355611e-01,2.030304285783711649e+01
1.275000000000000355e+00,3.566192034708824954e-01,2.021367232826896299e+01
1.280000000000000027e+00,3.466968196968416294e-01,2.012467088696393347e+01
1.284999999999999920e+00,3.370505515786313411e-01,2.003603774975491802e+01
1.289999999999999813e+00,3.276727143515448804e-01,1.994777211152713292e+01
1.294999999999999929e+00,3.185558371630371477e-01,1.985987314699566397e+01
1.300000000000000266e+00,3.096926571173829745e-01,1.977234001146007003e+01
1.304999999999999716e+00,3.010761134861636990e-01,1.968517184153743216e+01
1.310000000000000053e+00,2.926993420799458012e-01,1.959836775587379165e+01
1.315000000000000169e+00,2.845556697767002152e-01,1.951192685583545128e+01
1.319999999999999840e+00,2.766386092025407417e-01,1.942584822617916629e+01
1.324999999999999734e+00,2.689418535605963001e-01,1.934013093570388619e+01
1.330000000000000071e+00,2.614592716038571241e-01,1.925477403788286779e+01
1.334999999999999964e+00,2.541849027479980982e-01,1.916977657147748459e+01
1.340000000000000302e+00,2.471129523202734990e-01,1.908513756113312354e+01
1.344999999999999973e+00,2.402377869407057165e-01,1.900085601795746371e+01
1.350000000000000089e+00,2.335539300318693889e-01,1.891693094008201825e+01
1.354999999999999982e+00,2.270560574537084653e-01,1.883336131320730900e+01
1.360000000000000320e+00,2.207389932598785021e-01,1.875014611113156349e+01
1.364999999999999991e+00,2.145977055722580462e-01,1.866728429626413543e+01
1.369999999999999885e+00,2.086273025703161976e-01,1.858477482012400017e+01
1.375000000000000000e+00,2.028230285921534537e-01,1.850261662382316885e+01
1.380000000000000115e+00,1.971802603440946933e-01,1.842080863853602324e+01
1.385000000000000231e+00,1.916945032158175743e-01,1.833934978595462439e+01
1.390000000000000124e+00,1.863613876980796669e-01,1.825823897873088342e+01
1.395000000000000240e+00,1.811766659001781965e-01,1.817747512090516082e+01
1.399999999999999911e+00,1.761362081643746691e-01,1.809705710832224312e+01
1.405000000000000027e+00,1.712359997745784568e-01,1.801698382903510165e+01
1.409999999999999920e+00,1.664721377566699134e-01,1.793725416369657921e+01
1.414999999999999813e+00,1.618408277679040663e-01,1.785786698593923916e+01
1.419999999999999707e+00,1.573383810729184762e-01,1.777882116274376756e+01
1.425000000000000044e+00,1.529612116039373582e-01,1.770011555479675280e+01
1.430000000000000160e+00,1.487058331028190961e-01,1.762174901683721373e+01
1.434999999999999831e+00,1.445688563426734685e-01,1.754372039799288174e+01
1.439999999999999947e+00,1.405469864268340807e-01,1.746602854210667388e+01
1.445000000000000062e+00,1.366370201630275061e-01,1.738867228805258591e+01
1.450000000000000178e+00,1.328358435106506141e-01,1.731165047004287061e+01
1.454999999999999849e+00,1.291404290991141346e-01,1.723496191792512278e+01
1.460000000000000187e+00,1.255478338152757611e-01,1.715860545747060328e+01
1.465000000000000080e+00,1.220551964580507687e-01,1.708257991065436698e+01
1.470000000000000195e+00,1.186597354583030922e-01,1.700688409592569172e+01
1.474999999999999867e+00,1.153587466622272156e-01,1.693151682847117456e+01
1.479999999999999760e+00,1.121496011764359924e-01,1.685647692046924817e+01
1.485000000000000320e+00,1.090297432730419069e-01,1.678176318133713352e+01
1.489999999999999991e+00,1.059966883530619464e-01,1.670737441797002276e+01
1.495000000000000107e+00,1.030480209665170926e-01,1.663330943497294356e+01
1.499999999999999778e+00,1.001813928876557208e-01,1.655956703488530124e+01
1.505000000000000338e+00,9.739452124375803932e-02,1.648614601839855354e+01
1.510000000000000009e+00,9.468518669603752380e-02,1.641304518456715655e+01
1.515000000000000124e+00,9.205123167117898464e-02,1.634026333101267525e+01
1.520000000000000018e+00,8.949055864211505340e-02,1.626779925412174066e+01
1.524999999999999911e+00,8.700112845666002626e-02,1.619565174923763351e+01
1.530000000000000249e+00,8.458095871267407029e-02,1.612381961084589221e+01
1.535000000000000364e+00,8.222812217846070526e-02,1.605230163275390964e+01
1.540000000000000258e+00,7.994074525713787405e-02,1.598109660826492018e+01
1.544999999999999707e+00,7.771700649375930248e-02,1.591020333034652445e+01
1.549999999999999822e+00,7.555513512399356091e-02,1.583962059179355641e+01
1.554999999999999938e+00,7.345340966320851317e-02,1.576934718538606717e+01
1.560000000000000053e+00,7.141015653482908621e-02,1.569938190404180034e+01
1.565000000000000169e+00,6.942374873688145209e-02,1.562972354096415373e+01
1.569999999999999840e+00,6.749260454565754463e-02,1.556037088978501970e+01
1.574999999999999956e+00,6.561518625546447492e-02,1.549132274470300175e+01
1.580000000000000293e+00,6.378999895346001980e-02,1.542257790061735534e+01
1.585000000000000187e+00,6.201558932859045636e-02,1.535413515325707401e+01
1.590000000000000302e+00,6.029054451368561635e-02,1.528599329930625039e+01
1.594999999999999973e+00,5.861349095978742735e-02,1.521815113652472995e+01
1.600000000000000089e+00,5.698309334181172331e-02,1.515060746386494550e+01
1.605000000000000204e+00,5.539805349467707973e-02,1.508336108158509603e+01
1.610000000000000320e+00,5.385710937904496232e-02,1.501641079135825940e+01
1.614999999999999991e+00,5.235903407585157376e-02,1.494975539637758466e+01
1.619999999999999885e+00,5.090263480882838837e-02,1.488339370145825313e+01
1.624999999999999778e+00,4.948675199423301779e-02,1.481732451313586019e+01
1.629999999999999893e+00,4.811025831703150818e-02,1.475154663976137215e+01
1.634999999999999787e+00,4.677205783279660134e-02,1.468605889159274014e+01
1.640000000000000124e+00,4.547108509460476983e-02,1.462086008088327205e+01
1.645000000000000018e+00,4.420630430423908713e-02,1.455594902196726359e+01
1.649999999999999911e+00,4.297670848701638097e-02,1.449132453134194520e+01
1.655000000000000027e+00,4.178131868958609441e-02,1.442698542774717119e+01
1.660000000000000142e+00,4.061918320005802191e-02,1.436293053224190253e+01
1.665000000000000258e+00,3.948937678983776428e-02,1.429915866827791504e+01
1.669999999999999929e+00,3.839099997656706537e-02,1.423566866177101709e+01
1.675000000000000044e+00,3.732317830757919674e-02,1.417245934116946060e+01
1.679999999999999716e+00,3.628506166330081745e-02,1.410952953751986350e+01
1.685000000000000053e+00,3.527582358004281021e-02,1.404687808453094711e+01
1.690000000000000169e+00,3.429466059164144182e-02,1.398450381863437464e+01
1.695000000000000284e+00,3.334079158942481608e-02,1.392240557904368359e+01
1.699999999999999956e+00,3.241345719999495084e-02,1.386058220781093908e+01
1.705000000000000293e+00,3.151191918032750228e-02,1.379903254988086481e+01
1.710000000000000187e+00,3.063545982971102241e-02,1.373775545314329172e+01
1.714999999999999858e+00,2.978338141805220163e-02,1.367674976848329038e+01
1.719999999999999973e+00,2.895500563009485023e-02,1.361601434982928360e+01
1.725000000000000089e+00,2.814967302510877276e-02,1.355554805419938624e+01
1.729999999999999760e+00,2.736674251161718210e-02,1.349534974174574664e+01
1.735000000000000098e+00,2.660559083674414460e-02,1.343541827579701931e+01
1.739999999999999769e+00,2.586561208977666490e-02,1.337575252289917849e+01
1.744999999999999885e+00,2.514621721954297257e-02,1.331635135285465310e+01
1.750000000000000222e+00,2.444683356522481602e-02,1.325721363875947034e+01
1.754999999999999893e+00,2.376690440022847725e-02,1.319833825703914343e+01
1.759999999999999787e+00,2.310588848875140891e-02,1.313972408748284870e+01
1.765000000000000124e+00,2.246325965469084598e-02,1.308137001327591697e+01
1.770000000000000240e+00,2.183850636255157268e-02,1.302327492103120932e+01
1.774999999999999911e+00,2.123113131001750503e-02,1.296543770081866320e+01
1.779999999999999805e+00,2.064065103186342801e-02,1.290785724619365560e+01
1.784999999999999920e+00,2.006659551489103910e-02,1.285053245422392010e+01
1.789999999999999813e+00,1.950850782358245702e-02,1.279346222551532541e+01
1.795000000000000151e+00,1.896594373617192797e-02,1.273664546423604627e+01
1.800000000000000044e+00,1.843847139084768549e-02,1.268008107813990826e+01
1.804999999999999938e+00,1.792567094179957354e-02,1.262376797858819621e+01
1.810000000000000275e+00,1.742713422484024055e-02,1.256770508057035762e+01
1.814999999999999947e+00,1.694246443233301744e-02,1.251189130272389782e+01
1.820000000000000284e+00,1.647127579716610793e-02,1.245632556735255392e+01
1.824999999999999956e+00,1.601319328552348528e-02,1.240100680044406722e+01
1.830000000000000293e+00,1.556785229820566857e-02,1.234593393168649023e+01
1.835000000000000187e+00,1.513489838026365643e-02,1.229110589448377944e+01
1.840000000000000080e+00,1.471398693871358437e-02,1.223652162597000981e+01
1.845000000000000195e+00,1.430478296810840447e-02,1.218218006702320722e+01
1.849999999999999867e+00,1.390696078374673364e-02,1.212808016227775276e+01
1.854999999999999982e+00,1.352020376230676259e-02,1.207422086013625417e+01
1.860000000000000098e+00,1.314420408969899090e-02,1.202060111278039933e+01
1.865000000000000213e+00,1.277866251593583538e-02,1.196721987618100513e+01
1.870000000000000329e+00,1.242328811682375661e-02,1.191407611010726342e+01
1.875000000000000000e+00,1.207779806228745714e-02,1.186116877813529413e+01
1.880000000000000115e+00,1.174191739114162879e-02,1.180849684765566820e+01
1.884999999999999787e+00,1.141537879213126022e-02,1.175605928988065330e+01
1.890000000000000124e+00,1.109792239106501162e-02,1.170385507985032625e+01
1.895000000000000018e+00,1.078929554387320078e-02,1.165188319643813308e+01
1.900000000000000355e+00,1.048925263542464272e-02,1.160014262235593563e+01
1.905000000000000027e+00,1.019755488394272734e-02,1.154863234415827655e+01
1.910000000000000364e+00,9.913970150863845102e-03,1.149735135224586280e+01
1.915000000000000036e+00,9.638272755988360266e-03,1.144629864086883231e+01
1.919999999999999929e+00,9.370243297774865851e-03,1.139547320812910591e+01
1.925000000000000044e+00,9.109668478636158070e-03,1.134487405598230580e+01
1.930000000000000160e+00,8.856340935096804548e-03,1.129450019023903806e+01
1.935000000000000275e+00,8.610059072677376038e-03,1.124435062056583590e+01
1.939999999999999725e+00,8.370626905373674403e-03,1.119442436048540301e+01
1.945000000000000062e+00,8.137853899602793747e-03,1.114472042737632407e+01
1.949999999999999956e+00,7.911554822492537081e-03,1.109523784247248734e+01
1.955000000000000071e+00,7.691549594392183692e-03,1.104597563086197987e+01
1.959999999999999742e+00,7.477663145487918432e-03,1.099693282148535545e+01
1.965000000000000302e+00,7.269725276408275060e-03,1.094810844713368780e+01
1.969999999999999751e+00,7.067570522709002399e-03,1.089950154444615826e+01
1.975000000000000089e+00,6.871038023128480353e-03,1.085111115390701286e+01
1.980000000000000204e+00,6.679971391510036889e-03,1.080293631984255676e+01
1.984999999999999876e+00,6.494218592287822472e-03,1.075497609041732616e+01
1.990000000000000213e+00,6.313631819437812848e-03,1.070722951763011110e+01
1.995000000000000107e+00,6.138067378797571090e-03,1.065969565730965840e+01
2.000000000000000444e+00,5.967385573660334910e-03,1.061237356910993235e+01
2.004999999999999893e+00,5.801450593553059663e-03,1.056526231650507164e+01
2.010000000000000231e+00,5.640130406109227987e-03,1.051836096678401056e+01
2.015000000000000124e+00,5.483296651950798385e-03,1.047166859104480174e+01
2.019999999999999574e+00,5.330824542495016423e-03,1.042518426418872224e+01
2.025000000000000355e+00,5.182592760605038776e-03,1.037890706491393011e+01
2.030000000000000249e+00,5.038483364005330936e-03,1.033283607570896301e+01
2.035000000000000142e+00,4.898381691384328523e-03,1.028697038284593468e+01
2.040000000000000036e+00,4.762176271110238335e-03,1.024130907637345977e+01
2.045000000000000373e+00,4.629758732486806763e-03,1.019585125010930682e+01
2.049999999999999822e+00,4.501023719478683058e-03,1.015059600163297304e+01
2.054999999999999716e+00,4.375868806837162825e-03,1.010554243227768723e+01
2.060000000000000053e+00,4.254194418560184980e-03,1.006068964712257241e+01
2.064999999999999947e+00,4.135903748621063379e-03,1.001603675498435564e+01
2.069999999999999840e+00,4.020902683903001748e-03,9.971582868408905398e+00
2.074999999999999734e+00,3.909099729278112806e-03,9.927327103662623387e+00
2.080000000000000515e+00,3.800405934771077573e-03,9.883268580723665764e+00
2.084999999999999964e+00,3.694734824749600945e-03,9.839406423272794910e+00
2.090000000000000302e+00,3.592002329085033051e-03,9.795739758684373300e+00
2.095000000000000195e+00,3.492126716228631869e-03,9.752267718016852882e+00
2.100000000000000089e+00,3.395028528149853300e-03,9.708989436003298223e+00
2.104999999999999982e+00,3.300630517085064147e-03,9.665904051041710687e+00
2.109999999999999876e+00,3.208857584046231372e-03,9.623010705185228275e+00
2.115000000000000213e+00,3.119636719040495831e-03,9.580308544132067894e+00
2.120000000000000107e+00,3.032896942953247806e-03,9.537796717215471176e+00
2.125000000000000000e+00,2.948569251048179050e-03,9.495474377393431809e+00
2.129999999999999893e+00,2.866586558039466593e-03,9.453340681238293186e+00
2.135000000000000675e+00,2.786883644692291721e-03,9.411394788926324750e+00
2.140000000000000568e+00,2.709397105909149180e-03,9.369635864226983912e+00
2.145000000000000018e+00,2.634065300260575622e-03,9.328063074492312978e+00
2.150000000000000355e+00,2.560828300920153615e-03,9.286675590645943501e+00
2.155000000000000249e+00,2.489627847964778155e-03,9.245472587172361756e+00
2.160000000000000142e+00,2.420407302001959752e-03,9.204453242105680388e+00
2.165000000000000036e+00,2.353111599087492033e-03,9.163616737018626779e+00
2.169999999999999929e+00,2.287687206897446712e-03,9.122962257011241860e+00
2.175000000000000266e+00,2.224082082119592432e-03,9.082488990699685516e+00
2.180000000000000160e+00,2.162245629030353986e-03,9.042196130204766646e+00
2.185000000000000053e+00,2.102128659224239415e-03,9.002082871140435927e+00
2.189999999999999947e+00,2.043683352463805669e-03,8.962148412602422454e+00
2.194999999999999840e+00,1.986863218618810292e-03,8.922391957156486697e+00
2.200000000000000178e+00,1.931623060664360838e-03,8.882812710826810232e+00
2.205000000000000071e+00,1.877918938708579956e-03,8.843409883084296652e+00
2.209999999999999964e+00,1.825708135021033955e-03,8.804182686834685967e+00
2.214999999999999858e+00,1.774949120034268173e-03,8.765130338406887489e+00
2.220000000000000195e+00,1.725601519291154349e-03,8.726252057540925477e+00
2.224999999999999645e+00,1.677626081311938723e-03,8.687547067376122811e+00
2.229999999999999982e+00,1.630984646355162571e-03,8.649014594439014658e+00
2.234999999999999876e+00,1.585640116047897777e-03,8.610653868631434449e+00
2.240000000000000213e+00,1.541556423860742861e-03,8.572464123218347609e+00
2.245000000000000107e+00,1.498698506404408555e-03,8.534444594815898455e+00
2.250000000000000000e+00,1.457032275524758639e-03,8.496594523379100039e+00
2.254999999999999449e+00,1.416524591174301304e-03,8.458913152189788676e+00
2.260000000000000231e+00,1.377143235038381496e-03,8.421399727844436356e+00
2.265000000000000124e+00,1.338856884895173660e-03,8.384053500241888557e+00
2.270000000000000018e+00,1.301635089688938339e-03,8.346873722571132248e+00
2.274999999999999911e+00,1.265448245296845083e-03,8.309859651299083438e+00
2.280000000000000249e+00,1.230267570969926887e-03,8.273010546158189982e+00
2.285000000000000586e+00,1.196065086429533948e-03,8.236325670134339916e+00
2.290000000000000036e+00,1.162813589600899741e-03,8.199804289454357686e+00
2.295000000000000373e+00,1.130486634966218918e-03,8.163445673573749062e+00
2.300000000000000266e+00,1.099058512519972405e-03,8.127249095164385650e+00
2.305000000000000604e+00,1.068504227309680695e-03,8.091213830102194748e+00
2.309999999999999609e+00,1.038799479545876071e-03,8.055339157454721288e+00
2.315000000000000391e+00,1.009920645265354041e-03,8.019624359468803476e+00
2.319999999999999840e+00,9.818447575325026013e-04,7.984068721558319481e+00
2.325000000000000178e+00,9.545494881634417018e-04,7.948671532291633035e+00
2.330000000000000071e+00,9.280131299587444970e-04,7.913432083379443149e+00
2.334999999999999964e+00,9.022145794303374020e-04,7.878349669662267907e+00
2.339999999999999858e+00,8.771333200089833889e-04,7.843423589098182269e+00
2.345000000000000195e+00,8.527494057189015939e-04,7.808653142750414666e+00
2.350000000000000089e+00,8.290434453065713589e-04,7.774037634775072370e+00
2.354999999999999538e+00,8.059965868110244812e-04,7.739576372408731864e+00
2.360000000000000320e+00,7.835905025633989069e-04,7.705268665956131358e+00
2.365000000000000213e+00,7.618073746038208152e-04,7.671113828777891719e+00
2.370000000000000551e+00,7.406298805039061416e-04,7.637111177278180563e+00
2.374999999999999556e+00,7.200411795837287875e-04,7.603260030892432297e+00
2.379999999999999893e+00,7.000248995121489482e-04,7.569559712075027313e+00
2.385000000000000675e+00,6.805651232799780773e-04,7.536009546287070648e+00
2.390000000000000124e+00,6.616463765354661103e-04,7.502608861984147559e+00
2.395000000000000018e+00,6.432536152721182905e-04,7.469356990604098634e+00
2.400000000000000355e+00,6.253722138590086426e-04,7.436253266554689212e+00
2.405000000000000249e+00,6.079879534040981198e-04,7.403297027201639402e+00
2.410000000000000142e+00,5.910870104411985928e-04,7.370487612856181592e+00
2.415000000000000036e+00,5.746559459317084843e-04,7.337824366763143757e+00
2.419999999999999929e+00,5.586816945722522521e-04,7.305306635088682832e+00
2.425000000000000711e+00,5.431515543997653172e-04,7.272933766908157516e+00
2.429999999999999716e+00,5.280531766857652015e-04,7.240705114194155634e+00
2.435000000000000053e+00,5.133745561116801782e-04,7.208620031804299444e+00
2.439999999999999947e+00,4.991040212175490908e-04,7.176677877469313849e+00
2.444999999999999840e+00,4.852302251163458807e-04,7.144878011780960492e+00
2.450000000000000178e+00,4.717421364666382665e-04,7.113219798180033138e+00
2.455000000000000071e+00,4.586290306963564296e-04,7.081702602944444536e+00
2.460000000000000409e+00,4.458804814706758893e-04,7.050325795177262655e+00
2.464999999999999858e+00,4.334863523972528341e-04,7.019088746794793998e+00
2.470000000000000195e+00,4.214367889621742054e-04,6.987990832514792139e+00
2.475000000000000533e+00,4.097222106902384271e-04,6.957031429844479753e+00
2.480000000000000426e+00,3.983333035232946152e-04,6.926209919068823773e+00
2.484999999999999432e+00,3.872610124105973616e-04,6.895525683238743042e+00
2.489999999999999769e+00,3.764965341052586996e-04,6.864978108159294656e+00
2.495000000000000551e+00,3.660313101610911525e-04,6.834566582378013955e+00
2.500000000000000444e+00,3.558570201242392483e-04,6.804290497173227870e+00
